Date,Price,Change 
2014-01-01,43876.00,0.10
2014-01-02,45348.00,3.35
2014-01-03,45475.00,0.28
2014-01-04,45475.00,0.00
2014-01-06,45370.00,-0.23
2014-01-07,44526.00,-1.86
2014-01-08,43869.00,-1.48
2014-01-09,44124.00,0.58
2014-01-10,44824.00,1.59
2014-01-13,45118.00,0.66
2014-01-14,44941.00,-0.39
2014-01-15,44785.00,-0.35
2014-01-16,44545.00,-0.54
2014-01-17,45136.00,1.33
2014-01-20,45024.00,-0.25
2014-01-21,44480.00,-1.21
2014-01-22,44338.00,-0.32
2014-01-23,44910.00,1.29
2014-01-24,44691.00,-0.49
2014-01-27,45214.00,1.17
2014-01-28,44169.00,-2.31
2014-01-29,44405.00,0.53
2014-01-30,43220.00,-2.67
2014-01-31,43309.00,0.21
2014-02-03,43858.00,1.27
2014-02-04,43557.00,-0.69
2014-02-05,44392.00,1.92
2014-02-06,44413.00,0.05
2014-02-07,44369.00,-0.10
2014-02-10,44670.00,0.68
2014-02-11,44700.00,0.07
2014-02-12,44839.00,0.31
2014-02-13,44922.00,0.19
2014-02-14,46613.00,3.76
2014-02-17,47735.00,2.41
2014-02-18,48023.00,0.60
2014-02-19,47787.00,-0.49
2014-02-20,47486.00,-0.63
2014-02-21,47467.00,-0.04
2014-02-24,47985.00,1.09
2014-02-25,47817.00,-0.35
2014-02-26,46642.00,-2.46
2014-02-27,46505.00,-0.29
2014-02-28,46362.00,-0.31
2014-03-03,47186.00,1.78
2014-03-04,46557.00,-1.33
2014-03-05,46583.00,0.06
2014-03-06,47194.00,1.31
2014-03-07,46205.00,-2.10
2014-03-10,45973.00,-0.50
2014-03-11,45897.00,-0.17
2014-03-12,46771.00,1.90
2014-03-13,46734.00,-0.08
2014-03-14,47084.00,0.75
2014-03-17,46741.00,-0.73
2014-03-18,45840.00,-1.93
2014-03-19,45673.00,-0.36
2014-03-20,44992.00,-1.49
2014-03-21,44651.00,-0.76
2014-03-24,43949.00,-1.57
2014-03-25,43508.00,-1.00
2014-03-26,43046.00,-1.06
2014-03-27,42891.00,-0.36
2014-03-28,42759.00,-0.31
2014-03-31,42805.00,0.11
2014-04-01,42588.00,-0.51
2014-04-02,43135.00,1.28
2014-04-03,43021.00,-0.26
2014-04-04,42969.00,-0.12
2014-04-05,42951.00,-0.04
2014-04-07,43080.00,0.30
2014-04-08,43198.00,0.27
2014-04-09,42675.00,-1.21
2014-04-10,43486.00,1.90
2014-04-11,43177.00,-0.71
2014-04-14,43229.00,0.12
2014-04-15,42289.00,-2.17
2014-04-16,42416.00,0.30
2014-04-17,42377.00,-0.09
2014-04-21,42027.00,-0.83
2014-04-22,42236.00,0.50
2014-04-23,42482.00,0.58
2014-04-25,42607.00,0.29
2014-04-27,42577.00,-0.07
2014-04-28,42468.00,-0.26
2014-04-29,41962.00,-1.19
2014-04-30,41329.00,-1.51
2014-05-01,40906.00,-1.02
2014-05-02,42083.00,2.88
2014-05-05,41961.00,-0.29
2014-05-06,42571.00,1.45
2014-05-07,41928.00,-1.51
2014-05-08,41587.00,-0.81
2014-05-09,41453.00,-0.32
2014-05-12,42086.00,1.53
2014-05-13,41884.00,-0.48
2014-05-14,42348.00,1.11
2014-05-15,41717.00,-1.49
2014-05-16,40894.00,-1.97
2014-05-19,40866.00,-0.07
2014-05-20,41030.00,0.40
2014-05-21,40896.00,-0.33
2014-05-22,40976.00,0.20
2014-05-23,40797.00,-0.44
2014-05-26,41183.00,0.95
2014-05-27,40365.00,-1.99
2014-05-28,40202.00,-0.40
2014-05-29,40019.00,-0.46
2014-05-30,39586.00,-1.08
2014-06-02,39626.00,0.10
2014-06-03,39773.00,0.37
2014-06-04,39827.00,0.14
2014-06-05,40282.00,1.14
2014-06-06,39997.00,-0.71
2014-06-09,40297.00,0.75
2014-06-10,40506.00,0.52
2014-06-11,40606.00,0.25
2014-06-12,41251.00,1.59
2014-06-13,41875.00,1.51
2014-06-16,42204.00,0.79
2014-06-17,42374.00,0.40
2014-06-18,42398.00,0.06
2014-06-19,44311.00,4.51
2014-06-20,44570.00,0.58
2014-06-23,44445.00,-0.28
2014-06-24,44494.00,0.11
2014-06-25,44653.00,0.36
2014-06-26,44636.00,-0.04
2014-06-27,44529.00,-0.24
2014-06-30,44114.00,-0.93
2014-07-01,44298.00,0.42
2014-07-02,44715.00,0.94
2014-07-03,44291.00,-0.95
2014-07-04,44627.00,0.76
2014-07-06,45056.00,0.96
2014-07-07,44780.00,-0.61
2014-07-08,44823.00,0.10
2014-07-09,44787.00,-0.08
2014-07-10,46242.00,3.25
2014-07-11,46068.00,-0.38
2014-07-12,46015.00,-0.12
2014-07-13,46015.00,0.00
2014-07-14,44912.00,-2.40
2014-07-15,44854.00,-0.13
2014-07-16,44577.00,-0.62
2014-07-17,45579.00,2.25
2014-07-18,44931.00,-1.42
2014-07-20,44895.00,-0.08
2014-07-21,45174.00,0.62
2014-07-22,45097.00,-0.17
2014-07-23,44928.00,-0.37
2014-07-24,43786.00,-2.54
2014-07-25,44281.00,1.13
2014-07-27,44280.00,0.00
2014-07-28,44172.00,-0.24
2014-07-29,44269.00,0.22
2014-07-30,44480.00,0.48
2014-07-31,44399.00,-0.18
2014-08-01,44427.00,0.06
2014-08-04,44121.00,-0.69
2014-08-05,43381.00,-1.68
2014-08-06,43920.00,1.24
2014-08-07,43814.00,-0.24
2014-08-08,43580.00,-0.53
2014-08-10,43570.00,-0.02
2014-08-11,43847.00,0.64
2014-08-12,43712.00,-0.31
2014-08-13,43317.00,-0.90
2014-08-14,43263.00,-0.12
2014-08-18,42667.00,-1.38
2014-08-19,42240.00,-1.00
2014-08-20,42341.00,0.24
2014-08-21,42080.00,-0.62
2014-08-22,41955.00,-0.30
2014-08-25,41921.00,-0.08
2014-08-26,41985.00,0.15
2014-08-27,41933.00,-0.12
2014-08-28,42405.00,1.13
2014-08-29,42255.00,-0.35
2014-09-01,42004.00,-0.59
2014-09-02,41617.00,-0.92
2014-09-03,41793.00,0.42
2014-09-04,41485.00,-0.74
2014-09-05,41315.00,-0.41
2014-09-08,41804.00,1.18
2014-09-09,41951.00,0.35
2014-09-10,41956.00,0.01
2014-09-11,41270.00,-1.64
2014-09-12,41309.00,0.09
2014-09-13,41325.00,0.04
2014-09-15,41400.00,0.18
2014-09-16,41479.00,0.19
2014-09-17,41374.00,-0.25
2014-09-18,40934.00,-1.06
2014-09-19,39626.00,-3.20
2014-09-22,39573.00,-0.13
2014-09-23,39511.00,-0.16
2014-09-24,39265.00,-0.62
2014-09-25,39230.00,-0.09
2014-09-26,39169.00,-0.16
2014-09-27,39172.00,0.01
2014-09-29,39354.00,0.46
2014-09-30,38516.00,-2.13
2014-10-01,38702.00,0.48
2014-10-03,37888.00,-2.10
2014-10-05,37845.00,-0.11
2014-10-06,38488.00,1.70
2014-10-07,38363.00,-0.32
2014-10-08,38217.00,-0.38
2014-10-09,38615.00,1.04
2014-10-10,38512.00,-0.27
2014-10-13,38336.00,-0.46
2014-10-14,38767.00,1.12
2014-10-16,38872.00,0.27
2014-10-17,38399.00,-1.22
2014-10-20,38533.00,0.35
2014-10-21,38767.00,0.61
2014-10-22,38209.00,-1.44
2014-10-23,38016.00,-0.51
2014-10-24,38074.00,0.15
2014-10-27,38145.00,0.19
2014-10-28,38129.00,-0.04
2014-10-29,38273.00,0.38
2014-10-30,36574.00,-4.44
2014-10-31,35797.00,-2.12
2014-11-03,35942.00,0.41
2014-11-04,35495.00,-1.24
2014-11-05,34412.00,-3.05
2014-11-06,34271.00,-0.41
2014-11-07,34796.00,1.53
2014-11-10,34745.00,-0.15
2014-11-11,34805.00,0.17
2014-11-12,34695.00,-0.32
2014-11-13,34707.00,0.03
2014-11-14,36032.00,3.82
2014-11-16,36150.00,0.33
2014-11-17,35629.00,-1.44
2014-11-18,35804.00,0.49
2014-11-19,36372.00,1.59
2014-11-20,35819.00,-1.52
2014-11-21,36080.00,0.73
2014-11-24,36245.00,0.46
2014-11-25,36520.00,0.76
2014-11-26,36594.00,0.20
2014-11-27,35887.00,-1.93
2014-11-28,34527.00,-3.79
2014-12-01,36723.00,6.36
2014-12-02,36158.00,-1.54
2014-12-03,36285.00,0.35
2014-12-04,36507.00,0.61
2014-12-05,36230.00,-0.76
2014-12-08,36595.00,1.01
2014-12-09,38521.00,5.26
2014-12-10,38668.00,0.38
2014-12-11,38722.00,0.14
2014-12-12,38707.00,-0.04
2014-12-15,38315.00,-1.01
2014-12-16,36727.00,-4.14
2014-12-17,36731.00,0.01
2014-12-18,36555.00,-0.48
2014-12-19,36940.00,1.05
2014-12-22,36155.00,-2.13
2014-12-23,36423.00,0.74
2014-12-24,36445.00,0.06
2014-12-26,37315.00,2.39
2014-12-29,36484.00,-2.23
2014-12-30,37352.00,2.38
2014-12-31,35990.00,-3.65
2015-01-01,36210.00,0.61
2015-01-02,36235.00,0.07
2015-01-05,37026.00,2.18
2015-01-06,37914.00,2.40
2015-01-07,37762.00,-0.40
2015-01-08,36954.00,-2.14
2015-01-09,36833.00,-0.33
2015-01-12,36971.00,0.37
2015-01-13,38158.00,3.21
2015-01-14,37930.00,-0.60
2015-01-15,37922.00,-0.02
2015-01-16,39061.00,3.00
2015-01-17,39098.00,0.09
2015-01-19,39028.00,-0.18
2015-01-20,39522.00,1.27
2015-01-21,39923.00,1.01
2015-01-22,40079.00,0.39
2015-01-23,39965.00,-0.28
2015-01-25,40029.00,0.16
2015-01-27,39530.00,-1.25
2015-01-28,39472.00,-0.15
2015-01-29,37286.00,-5.54
2015-01-30,38105.00,2.20
2015-02-02,38005.00,-0.26
2015-02-03,38091.00,0.23
2015-02-04,38371.00,0.74
2015-02-05,37859.00,-1.33
2015-02-06,37024.00,-2.21
2015-02-09,37798.00,2.09
2015-02-10,37599.00,-0.53
2015-02-11,37397.00,-0.54
2015-02-12,37225.00,-0.46
2015-02-13,38204.00,2.63
2015-02-16,38128.00,-0.20
2015-02-17,36374.00,-4.60
2015-02-18,36278.00,-0.26
2015-02-19,36420.00,0.39
2015-02-20,36314.00,-0.29
2015-02-21,36265.00,-0.13
2015-02-23,36199.00,-0.18
2015-02-24,35974.00,-0.62
2015-02-25,36455.00,1.34
2015-02-26,36628.00,0.47
2015-02-27,36393.00,-0.64
2015-02-28,36736.00,0.94
2015-03-02,36646.00,-0.24
2015-03-03,36399.00,-0.67
2015-03-04,36378.00,-0.06
2015-03-05,36217.00,-0.44
2015-03-06,35972.00,-0.68
2015-03-09,35914.00,-0.16
2015-03-10,35697.00,-0.60
2015-03-11,35049.00,-1.82
2015-03-12,35325.00,0.79
2015-03-13,35533.00,0.59
2015-03-14,35564.00,0.09
2015-03-16,35563.00,0.00
2015-03-17,35356.00,-0.58
2015-03-18,35312.00,-0.12
2015-03-19,36371.00,3.00
2015-03-20,37789.00,3.90
2015-03-23,37781.00,-0.02
2015-03-24,37991.00,0.56
2015-03-25,38158.00,0.44
2015-03-26,38613.00,1.19
2015-03-27,38395.00,-0.56
2015-03-30,37466.00,-2.42
2015-03-31,37169.00,-0.79
2015-04-01,37900.00,1.97
2015-04-02,37349.00,-1.45
2015-04-06,38163.00,2.18
2015-04-07,37687.00,-1.25
2015-04-08,36958.00,-1.93
2015-04-09,36283.00,-1.83
2015-04-10,36713.00,1.19
2015-04-13,36560.00,-0.42
2015-04-14,36325.00,-0.64
2015-04-15,36581.00,0.70
2015-04-16,36487.00,-0.26
2015-04-17,36455.00,-0.09
2015-04-20,36074.00,-1.05
2015-04-21,36157.00,0.23
2015-04-22,35791.00,-1.01
2015-04-23,36111.00,0.89
2015-04-24,35950.00,-0.45
2015-04-27,37148.00,3.33
2015-04-28,37527.00,1.02
2015-04-29,37714.00,0.50
2015-04-30,36515.00,-3.18
2015-05-01,36540.00,0.07
2015-05-04,37130.00,1.61
2015-05-05,37295.00,0.44
2015-05-06,37992.00,1.87
2015-05-07,37865.00,-0.33
2015-05-08,37935.00,0.18
2015-05-11,37668.00,-0.70
2015-05-12,38364.00,1.85
2015-05-13,39524.00,3.02
2015-05-14,39744.00,0.56
2015-05-15,39951.00,0.52
2015-05-18,40470.00,1.30
2015-05-19,39276.00,-2.95
2015-05-20,39290.00,0.04
2015-05-21,39166.00,-0.32
2015-05-22,38928.00,-0.61
2015-05-25,39140.00,0.54
2015-05-26,38510.00,-1.61
2015-05-27,38354.00,-0.41
2015-05-28,38296.00,-0.15
2015-05-29,38349.00,0.14
2015-06-01,38242.00,-0.28
2015-06-02,38447.00,0.54
2015-06-03,37948.00,-1.30
2015-06-04,37172.00,-2.04
2015-06-05,37010.00,-0.44
2015-06-08,36861.00,-0.40
2015-06-09,36863.00,0.01
2015-06-10,36733.00,-0.35
2015-06-11,36812.00,0.22
2015-06-12,36594.00,-0.59
2015-06-15,37092.00,1.36
2015-06-16,36848.00,-0.66
2015-06-17,36878.00,0.08
2015-06-18,36892.00,0.04
2015-06-19,36680.00,-0.57
2015-06-22,36736.00,0.15
2015-06-23,35938.00,-2.17
2015-06-24,36182.00,0.68
2015-06-25,36106.00,-0.21
2015-06-26,35968.00,-0.38
2015-06-29,35854.00,-0.32
2015-06-30,35536.00,-0.89
2015-07-01,35376.00,-0.45
2015-07-02,35435.00,0.17
2015-07-03,35680.00,0.69
2015-07-06,36181.00,1.40
2015-07-07,34663.00,-4.20
2015-07-08,35000.00,0.97
2015-07-09,35328.00,0.94
2015-07-10,35615.00,0.81
2015-07-13,35527.00,-0.25
2015-07-14,35172.00,-1.00
2015-07-15,34696.00,-1.35
2015-07-16,34504.00,-0.55
2015-07-17,34200.00,-0.88
2015-07-20,34145.00,-0.16
2015-07-21,34022.00,-0.36
2015-07-22,33955.00,-0.20
2015-07-23,33904.00,-0.15
2015-07-24,33702.00,-0.60
2015-07-27,33930.00,0.68
2015-07-28,33765.00,-0.49
2015-07-29,33975.00,0.62
2015-07-30,34020.00,0.13
2015-07-31,34025.00,0.01
2015-08-03,33499.00,-1.55
2015-08-04,33481.00,-0.05
2015-08-05,33479.00,-0.01
2015-08-06,33708.00,0.68
2015-08-07,34031.00,0.96
2015-08-10,35021.00,2.91
2015-08-11,35330.00,0.88
2015-08-12,36091.00,2.15
2015-08-13,36007.00,-0.23
2015-08-14,35429.00,-1.61
2015-08-17,35814.00,1.09
2015-08-18,34794.00,-2.85
2015-08-19,35527.00,2.11
2015-08-20,36310.00,2.20
2015-08-21,36200.00,-0.30
2015-08-24,35410.00,-2.18
2015-08-25,34652.00,-2.14
2015-08-26,33423.00,-3.55
2015-08-27,34056.00,1.89
2015-08-28,34378.00,0.95
2015-08-31,34581.00,0.59
2015-09-01,34511.00,-0.20
2015-09-02,34728.00,0.63
2015-09-03,34762.00,0.10
2015-09-04,34816.00,0.16
2015-09-07,35193.00,1.08
2015-09-08,35663.00,1.34
2015-09-09,35294.00,-1.03
2015-09-10,35383.00,0.25
2015-09-11,34975.00,-1.15
2015-09-14,34713.00,-0.75
2015-09-15,34625.00,-0.25
2015-09-16,35779.00,3.33
2015-09-17,35932.00,0.43
2015-09-18,36077.00,0.40
2015-09-21,36172.00,0.26
2015-09-22,35267.00,-2.50
2015-09-23,35450.00,0.52
2015-09-24,36215.00,2.16
2015-09-25,36072.00,-0.39
2015-09-28,35011.00,-2.94
2015-09-29,34955.00,-0.16
2015-09-30,34547.00,-1.17
2015-10-01,34544.00,-0.01
2015-10-05,36741.00,6.36
2015-10-06,37333.00,1.61
2015-10-07,37501.00,0.45
2015-10-08,36875.00,-1.67
2015-10-09,36833.00,-0.11
2015-10-12,36981.00,0.40
2015-10-13,37272.00,0.79
2015-10-14,37575.00,0.81
2015-10-15,37513.00,-0.17
2015-10-16,37387.00,-0.34
2015-10-19,36938.00,-1.20
2015-10-20,37042.00,0.28
2015-10-21,36794.00,-0.67
2015-10-22,36920.00,0.34
2015-10-23,36942.00,0.06
2015-10-26,37018.00,0.21
2015-10-27,37064.00,0.12
2015-10-28,37832.00,2.07
2015-10-29,36544.00,-3.40
2015-10-30,36490.00,-0.15
2015-11-02,36191.00,-0.82
2015-11-03,35799.00,-1.08
2015-11-04,35504.00,-0.82
2015-11-05,35500.00,-0.01
2015-11-06,34910.00,-1.66
2015-11-09,34552.00,-1.03
2015-11-10,34272.00,-0.81
2015-11-11,34190.00,-0.24
2015-11-12,33889.00,-0.88
2015-11-13,33845.00,-0.13
2015-11-16,33796.00,-0.14
2015-11-17,33707.00,-0.26
2015-11-18,33562.00,-0.43
2015-11-19,33830.00,0.80
2015-11-20,33589.00,-0.71
2015-11-23,33608.00,0.06
2015-11-24,33889.00,0.84
2015-11-25,33814.00,-0.22
2015-11-26,34081.00,0.79
2015-11-27,33701.00,-1.11
2015-11-30,33480.00,-0.66
2015-12-01,33299.00,-0.54
2015-12-02,33228.00,-0.21
2015-12-03,33477.00,0.75
2015-12-04,34424.00,2.83
2015-12-07,34771.00,1.01
2015-12-08,34373.00,-1.14
2015-12-09,34506.00,0.39
2015-12-10,34215.00,-0.84
2015-12-11,33983.00,-0.68
2015-12-14,33487.00,-1.46
2015-12-15,33593.00,0.32
2015-12-16,34400.00,2.40
2015-12-17,33170.00,-3.58
2015-12-18,33933.00,2.30
2015-12-21,34301.00,1.08
2015-12-22,34286.00,-0.04
2015-12-23,34215.00,-0.21
2015-12-24,34345.00,0.38
2015-12-28,33451.00,-2.60
2015-12-29,33558.00,0.32
2015-12-30,33390.00,-0.50
2015-12-31,33299.00,-0.27
2016-01-01,33335.00,0.11
2016-01-04,33533.00,0.59
2016-01-05,33666.00,0.40
2016-01-06,33774.00,0.32
2016-01-07,34531.00,2.24
2016-01-08,33824.00,-2.05
2016-01-11,33664.00,-0.47
2016-01-12,33389.00,-0.82
2016-01-13,34171.00,2.34
2016-01-14,33638.00,-1.56
2016-01-15,34054.00,1.24
2016-01-18,34096.00,0.12
2016-01-19,34428.00,0.97
2016-01-20,34689.00,0.76
2016-01-21,34374.00,-0.91
2016-01-22,34277.00,-0.28
2016-01-25,34679.00,1.17
2016-01-27,35296.00,1.78
2016-01-28,34806.00,-1.39
2016-01-29,34750.00,-0.16
2016-02-01,34870.00,0.35
2016-02-02,34805.00,-0.19
2016-02-03,35732.00,2.66
2016-02-04,35829.00,0.27
2016-02-05,35806.00,-0.06
2016-02-08,37127.00,3.69
2016-02-09,37248.00,0.33
2016-02-10,36780.00,-1.26
2016-02-11,38288.00,4.10
2016-02-12,37984.00,-0.79
2016-02-15,37088.00,-2.36
2016-02-16,37219.00,0.35
2016-02-17,37197.00,-0.06
2016-02-18,37522.00,0.87
2016-02-19,37517.00,-0.01
2016-02-22,36981.00,-1.43
2016-02-23,37176.00,0.53
2016-02-24,37230.00,0.15
2016-02-25,37207.00,-0.06
2016-02-26,36250.00,-2.57
2016-02-29,36081.00,-0.47
2016-03-01,35621.00,-1.27
2016-03-02,36051.00,1.21
2016-03-03,36304.00,0.70
2016-03-04,36821.00,1.42
2016-03-07,37569.00,2.03
2016-03-08,37427.00,-0.38
2016-03-09,37223.00,-0.55
2016-03-10,37670.00,1.20
2016-03-11,37610.00,-0.16
2016-03-14,37420.00,-0.51
2016-03-15,37077.00,-0.92
2016-03-16,36899.00,-0.48
2016-03-17,38143.00,3.37
2016-03-18,37756.00,-1.01
2016-03-21,37864.00,0.29
2016-03-22,37864.00,0.00
2016-03-23,36766.00,-2.90
2016-03-24,36669.00,-0.26
2016-03-28,36563.00,-0.29
2016-03-29,36560.00,-0.01
2016-03-30,36329.00,-0.63
2016-03-31,36751.00,1.16
2016-04-01,35922.00,-2.26
2016-04-04,35581.00,-0.95
2016-04-05,36082.00,1.41
2016-04-06,35986.00,-0.27
2016-04-07,36382.00,1.10
2016-04-08,36671.00,0.79
2016-04-11,37764.00,2.98
2016-04-12,38312.00,1.45
2016-04-13,38563.00,0.66
2016-04-14,38306.00,-0.67
2016-04-15,38507.00,0.52
2016-04-18,38322.00,-0.48
2016-04-19,39747.00,3.72
2016-04-20,40132.00,0.97
2016-04-21,40086.00,-0.11
2016-04-22,39985.00,-0.25
2016-04-25,40102.00,0.29
2016-04-26,40190.00,0.22
2016-04-27,40565.00,0.93
2016-04-28,41044.00,1.18
2016-04-29,41566.00,1.27
2016-05-02,41217.00,-0.84
2016-05-03,40984.00,-0.57
2016-05-04,40739.00,-0.60
2016-05-05,40915.00,0.43
2016-05-06,41731.00,1.99
2016-05-09,40749.00,-2.35
2016-05-10,40839.00,0.22
2016-05-11,41266.00,1.05
2016-05-12,40803.00,-1.12
2016-05-13,40974.00,0.42
2016-05-16,40987.00,0.03
2016-05-17,41180.00,0.47
2016-05-18,41048.00,-0.32
2016-05-19,39824.00,-2.98
2016-05-20,39834.00,0.03
2016-05-23,39665.00,-0.42
2016-05-24,39337.00,-0.83
2016-05-25,39229.00,-0.27
2016-05-26,39051.00,-0.45
2016-05-27,38866.00,-0.47
2016-05-30,38577.00,-0.74
2016-05-31,38400.00,-0.46
2016-06-01,38460.00,0.16
2016-06-02,38528.00,0.18
2016-06-03,39079.00,1.43
2016-06-06,39142.00,0.16
2016-06-07,39010.00,-0.34
2016-06-08,40254.00,3.19
2016-06-09,40909.00,1.63
2016-06-10,41068.00,0.39
2016-06-13,41447.00,0.92
2016-06-14,41519.00,0.17
2016-06-15,41547.00,0.07
2016-06-16,41684.00,0.33
2016-06-17,41362.00,-0.77
2016-06-20,41795.00,1.05
2016-06-21,41355.00,-1.05
2016-06-22,41193.00,-0.39
2016-06-23,41190.00,-0.01
2016-06-24,42392.00,2.92
2016-06-27,42289.00,-0.24
2016-06-28,42346.00,0.13
2016-06-29,43202.00,2.02
2016-06-30,43467.00,0.61
2016-07-01,45559.00,4.81
2016-07-04,47465.00,4.18
2016-07-05,46514.00,-2.00
2016-07-06,47788.00,2.74
2016-07-07,46893.00,-1.87
2016-07-08,47487.00,1.27
2016-07-11,47812.00,0.68
2016-07-12,47342.00,-0.98
2016-07-13,47830.00,1.03
2016-07-14,47509.00,-0.67
2016-07-15,47275.00,-0.49
2016-07-18,47167.00,-0.23
2016-07-19,47024.00,-0.30
2016-07-20,46072.00,-2.02
2016-07-21,46621.00,1.19
2016-07-22,46321.00,-0.64
2016-07-25,46473.00,0.33
2016-07-26,46404.00,-0.15
2016-07-27,47019.00,1.33
2016-07-28,47362.00,0.73
2016-07-29,47480.00,0.25
2016-08-01,47717.00,0.50
2016-08-02,48071.00,0.74
2016-08-03,47671.00,-0.83
2016-08-04,47677.00,0.01
2016-08-05,46225.00,-3.05
2016-08-08,46287.00,0.13
2016-08-09,46372.00,0.18
2016-08-10,47115.00,1.60
2016-08-11,46755.00,-0.76
2016-08-12,46125.00,-1.35
2016-08-16,46336.00,0.46
2016-08-17,45886.00,-0.97
2016-08-18,46094.00,0.45
2016-08-19,45444.00,-1.41
2016-08-22,44516.00,-2.04
2016-08-23,44496.00,-0.04
2016-08-24,43766.00,-1.64
2016-08-25,43659.00,-0.24
2016-08-26,43977.00,0.73
2016-08-29,44367.00,0.89
2016-08-30,43980.00,-0.87
2016-08-31,43988.00,0.02
2016-09-01,44298.00,0.70
2016-09-02,45480.00,2.67
2016-09-05,46465.00,2.17
2016-09-06,47607.00,2.46
2016-09-07,47013.00,-1.25
2016-09-08,46714.00,-0.64
2016-09-09,46194.00,-1.11
2016-09-12,45447.00,-1.62
2016-09-13,45501.00,0.12
2016-09-14,45605.00,0.23
2016-09-15,45638.00,0.07
2016-09-16,45273.00,-0.80
2016-09-19,46041.00,1.70
2016-09-20,46138.00,0.21
2016-09-21,47169.00,2.23
2016-09-22,47568.00,0.85
2016-09-23,46817.00,-1.58
2016-09-26,46501.00,-0.67
2016-09-27,45494.00,-2.17
2016-09-28,45583.00,0.20
2016-09-29,45834.00,0.55
2016-09-30,45726.00,-0.24
2016-10-03,44893.00,-1.82
2016-10-04,42881.00,-4.48
2016-10-05,42615.00,-0.62
2016-10-06,41521.00,-2.57
2016-10-07,41865.00,0.83
2016-10-10,42210.00,0.82
2016-10-11,41998.00,-0.50
2016-10-12,42051.00,0.13
2016-10-13,41890.00,-0.38
2016-10-14,41821.00,-0.16
2016-10-17,41871.00,0.12
2016-10-18,42175.00,0.73
2016-10-19,42194.00,0.05
2016-10-20,41996.00,-0.47
2016-10-21,41958.00,-0.09
2016-10-24,42058.00,0.24
2016-10-25,42415.00,0.85
2016-10-26,42116.00,-0.70
2016-10-27,42222.00,0.25
2016-10-28,42541.00,0.76
2016-10-30,42425.00,-0.27
2016-10-31,42402.00,-0.05
2016-11-01,43573.00,2.76
2016-11-02,44079.00,1.16
2016-11-03,43348.00,-1.66
2016-11-04,43398.00,0.12
2016-11-07,42933.00,-1.07
2016-11-08,43309.00,0.88
2016-11-09,43379.00,0.16
2016-11-10,44166.00,1.81
2016-11-11,42194.00,-4.46
2016-11-14,41017.00,-2.79
2016-11-15,41407.00,0.95
2016-11-16,41238.00,-0.41
2016-11-17,40740.00,-1.21
2016-11-18,40388.00,-0.86
2016-11-21,40517.00,0.32
2016-11-22,40790.00,0.67
2016-11-23,40526.00,-0.65
2016-11-24,40312.00,-0.53
2016-11-25,40498.00,0.46
2016-11-28,40672.00,0.43
2016-11-29,40838.00,0.41
2016-11-30,40089.00,-1.83
2016-12-01,39718.00,-0.93
2016-12-02,40327.00,1.53
2016-12-05,40241.00,-0.21
2016-12-06,41022.00,1.94
2016-12-07,41946.00,2.25
2016-12-08,41525.00,-1.00
2016-12-09,41221.00,-0.73
2016-12-12,41724.00,1.22
2016-12-13,41235.00,-1.17
2016-12-14,41728.00,1.20
2016-12-15,39295.00,-5.83
2016-12-16,39694.00,1.02
2016-12-19,39433.00,-0.66
2016-12-20,39426.00,-0.02
2016-12-21,39140.00,-0.73
2016-12-22,38970.00,-0.43
2016-12-23,38595.00,-0.96
2016-12-26,38513.00,-0.21
2016-12-27,39118.00,1.57
2016-12-28,39420.00,0.77
2016-12-29,39621.00,0.51
2016-12-30,39049.00,-1.44
2017-01-02,39136.00,0.22
2017-01-03,40270.00,2.90
2017-01-04,40267.00,-0.01
2017-01-05,40448.00,0.45
2017-01-06,40342.00,-0.26
2017-01-09,40688.00,0.86
2017-01-10,41096.00,1.00
2017-01-11,41008.00,-0.21
2017-01-12,40859.00,-0.36
2017-01-13,40887.00,0.07
2017-01-16,40960.00,0.18
2017-01-17,41599.00,1.56
2017-01-18,41997.00,0.96
2017-01-19,41270.00,-1.73
2017-01-20,41425.00,0.38
2017-01-23,41692.00,0.64
2017-01-24,41718.00,0.06
2017-01-25,41193.00,-1.26
2017-01-27,41432.00,0.58
2017-01-30,41372.00,-0.14
2017-01-31,41911.00,1.30
2017-02-01,41889.00,-0.05
2017-02-02,41801.00,-0.21
2017-02-03,41797.00,-0.01
2017-02-06,42286.00,1.17
2017-02-07,42502.00,0.51
2017-02-08,42345.00,-0.37
2017-02-09,42031.00,-0.74
2017-02-10,42597.00,1.35
2017-02-13,42422.00,-0.41
2017-02-14,42480.00,0.14
2017-02-15,42651.00,0.40
2017-02-16,43010.00,0.84
2017-02-17,42937.00,-0.17
2017-02-20,42900.00,-0.09
2017-02-21,42836.00,-0.15
2017-02-22,42713.00,-0.29
2017-02-23,42856.00,0.33
2017-02-24,43353.00,1.16
2017-02-27,43424.00,0.16
2017-02-28,43247.00,-0.41
2017-03-01,43408.00,0.37
2017-03-02,42182.00,-2.82
2017-03-03,42151.00,-0.07
2017-03-06,42429.00,0.66
2017-03-07,41943.00,-1.15
2017-03-08,41430.00,-1.22
2017-03-09,40834.00,-1.44
2017-03-10,40528.00,-0.75
2017-03-13,40418.00,-0.27
2017-03-14,40083.00,-0.83
2017-03-15,40045.00,-0.09
2017-03-16,40598.00,1.38
2017-03-17,40909.00,0.77
2017-03-20,40869.00,-0.10
2017-03-21,41282.00,1.01
2017-03-22,41233.00,-0.12
2017-03-23,41300.00,0.16
2017-03-24,41530.00,0.56
2017-03-27,42122.00,1.43
2017-03-28,42388.00,0.63
2017-03-29,42283.00,-0.25
2017-03-30,42147.00,-0.32
2017-03-31,42326.00,0.42
2017-04-03,42321.00,-0.01
2017-04-04,42570.00,0.59
2017-04-05,42258.00,-0.73
2017-04-06,42093.00,-0.39
2017-04-07,41379.00,-1.70
2017-04-10,41366.00,-0.03
2017-04-11,42187.00,1.98
2017-04-12,42202.00,0.04
2017-04-13,42571.00,0.87
2017-04-17,42497.00,-0.17
2017-04-18,42187.00,-0.73
2017-04-19,41898.00,-0.69
2017-04-20,41505.00,-0.94
2017-04-21,41289.00,-0.52
2017-04-24,41129.00,-0.39
2017-04-25,40416.00,-1.73
2017-04-26,39858.00,-1.38
2017-04-27,39670.00,-0.47
2017-04-28,39503.00,-0.42
2017-05-01,38685.00,-2.07
2017-05-02,38689.00,0.01
2017-05-03,38292.00,-1.03
2017-05-04,37706.00,-1.53
2017-05-05,37757.00,0.14
2017-05-08,38011.00,0.67
2017-05-09,37789.00,-0.58
2017-05-10,37952.00,0.43
2017-05-11,37992.00,0.11
2017-05-12,38155.00,0.43
2017-05-15,38502.00,0.91
2017-05-16,38744.00,0.63
2017-05-17,39199.00,1.17
2017-05-18,38889.00,-0.79
2017-05-19,39111.00,0.57
2017-05-22,39874.00,1.95
2017-05-23,39958.00,0.21
2017-05-24,39832.00,-0.32
2017-05-25,39802.00,-0.08
2017-05-26,40091.00,0.73
2017-05-29,40337.00,0.61
2017-05-30,40282.00,-0.14
2017-05-31,40096.00,-0.46
2017-06-01,39813.00,-0.71
2017-06-02,40274.00,1.16
2017-06-05,40453.00,0.44
2017-06-06,40777.00,0.80
2017-06-07,40552.00,-0.55
2017-06-08,40050.00,-1.24
2017-06-09,39694.00,-0.89
2017-06-12,39165.00,-1.33
2017-06-13,38771.00,-1.01
2017-06-14,39418.00,1.67
2017-06-15,38721.00,-1.77
2017-06-16,38481.00,-0.62
2017-06-19,38169.00,-0.81
2017-06-20,38065.00,-0.27
2017-06-21,37977.00,-0.23
2017-06-22,38220.00,0.64
2017-06-23,38488.00,0.70
2017-06-26,38304.00,-0.48
2017-06-27,38355.00,0.13
2017-06-28,38704.00,0.91
2017-06-29,38599.00,-0.27
2017-06-30,38344.00,-0.66
2017-07-03,37250.00,-2.85
2017-07-04,37188.00,-0.17
2017-07-05,37124.00,-0.17
2017-07-06,37452.00,0.88
2017-07-07,36231.00,-3.26
2017-07-10,36544.00,0.86
2017-07-11,36771.00,0.62
2017-07-12,36968.00,0.54
2017-07-13,36590.00,-1.02
2017-07-14,36970.00,1.04
2017-07-17,37410.00,1.19
2017-07-18,37695.00,0.76
2017-07-19,37757.00,0.16
2017-07-20,37881.00,0.33
2017-07-21,38150.00,0.71
2017-07-24,38086.00,-0.17
2017-07-25,38289.00,0.53
2017-07-26,38091.00,-0.52
2017-07-27,38263.00,0.45
2017-07-28,38460.00,0.51
2017-07-31,38645.00,0.48
2017-08-01,38512.00,-0.34
2017-08-02,38116.00,-1.03
2017-08-03,38027.00,-0.23
2017-08-04,37262.00,-2.01
2017-08-07,37271.00,0.02
2017-08-08,37499.00,0.61
2017-08-09,38590.00,2.91
2017-08-10,39213.00,1.61
2017-08-11,39194.00,-0.05
2017-08-14,39178.00,-0.04
2017-08-16,38863.00,-0.80
2017-08-17,39098.00,0.60
2017-08-18,39063.00,-0.09
2017-08-21,39088.00,0.06
2017-08-22,38939.00,-0.38
2017-08-23,39074.00,0.35
2017-08-24,38860.00,-0.55
2017-08-25,39012.00,0.39
2017-08-28,39727.00,1.83
2017-08-29,39818.00,0.23
2017-08-30,39721.00,-0.24
2017-08-31,39798.00,0.19
2017-09-01,40021.00,0.56
2017-09-04,40639.00,1.54
2017-09-05,40609.00,-0.07
2017-09-06,41323.00,1.76
2017-09-07,41617.00,0.71
2017-09-08,41570.00,-0.11
2017-09-11,41164.00,-0.98
2017-09-12,41216.00,0.13
2017-09-13,41110.00,-0.26
2017-09-14,41140.00,0.07
2017-09-15,40814.00,-0.79
2017-09-18,39764.00,-2.57
2017-09-19,40062.00,0.75
2017-09-20,40247.00,0.46
2017-09-21,39833.00,-1.03
2017-09-22,39727.00,-0.27
2017-09-25,40276.00,1.38
2017-09-26,39857.00,-1.04
2017-09-27,39732.00,-0.31
2017-09-28,39750.00,0.05
2017-09-29,39457.00,-0.74
2017-10-03,39328.00,-0.33
2017-10-04,39086.00,-0.62
2017-10-05,39172.00,0.22
2017-10-06,39596.00,1.08
2017-10-09,39940.00,0.87
2017-10-10,40327.00,0.97
2017-10-11,40129.00,-0.49
2017-10-12,40352.00,0.56
2017-10-13,40399.00,0.12
2017-10-16,40341.00,-0.14
2017-10-17,39769.00,-1.42
2017-10-18,39767.00,-0.01
2017-10-19,39846.00,0.20
2017-10-20,39877.00,0.08
2017-10-23,39910.00,0.08
2017-10-24,39722.00,-0.47
2017-10-25,39484.00,-0.60
2017-10-26,39272.00,-0.54
2017-10-27,39149.00,-0.31
2017-10-30,39265.00,0.30
2017-10-31,38818.00,-1.14
2017-11-01,39700.00,2.27
2017-11-02,39614.00,-0.22
2017-11-03,39048.00,-1.43
2017-11-06,39895.00,2.17
2017-11-07,39594.00,-0.75
2017-11-08,39888.00,0.74
2017-11-09,39641.00,-0.62
2017-11-10,39507.00,-0.34
2017-11-13,39912.00,1.03
2017-11-14,39838.00,-0.19
2017-11-15,39711.00,-0.32
2017-11-16,39799.00,0.22
2017-11-17,40013.00,0.54
2017-11-20,39261.00,-1.88
2017-11-21,39300.00,0.10
2017-11-22,39569.00,0.68
2017-11-23,39392.00,-0.45
2017-11-24,39241.00,-0.38
2017-11-27,39266.00,0.06
2017-11-28,38619.00,-1.65
2017-11-29,37948.00,-1.74
2017-11-30,37532.00,-1.10
2017-12-01,37582.00,0.13
2017-12-04,37494.00,-0.23
2017-12-05,37037.00,-1.22
2017-12-06,37444.00,1.10
2017-12-07,37036.00,-1.09
2017-12-08,37055.00,0.05
2017-12-11,36933.00,-0.33
2017-12-12,36729.00,-0.55
2017-12-13,36967.00,0.65
2017-12-14,37054.00,0.24
2017-12-15,37205.00,0.41
2017-12-18,37541.00,0.90
2017-12-19,37392.00,-0.40
2017-12-20,37646.00,0.68
2017-12-21,37530.00,-0.31
2017-12-22,37954.00,1.13
2017-12-26,38294.00,0.90
2017-12-27,38673.00,0.99
2017-12-28,38906.00,0.60
2017-12-29,39237.00,0.85
2018-01-01,39176.00,-0.16
2018-01-02,39180.00,0.01
2018-01-03,39300.00,0.31
2018-01-04,39276.00,-0.06
2018-01-05,39253.00,-0.06
2018-01-08,39043.00,-0.53
2018-01-09,38845.00,-0.51
2018-01-10,38992.00,0.38
2018-01-11,38939.00,-0.14
2018-01-12,39063.00,0.32
2018-01-15,39570.00,1.30
2018-01-16,39420.00,-0.38
2018-01-17,39201.00,-0.56
2018-01-18,38917.00,-0.72
2018-01-19,38969.00,0.13
2018-01-22,38979.00,0.03
2018-01-23,38733.00,-0.63
2018-01-24,39707.00,2.51
2018-01-25,39960.00,0.64
2018-01-29,39141.00,-2.05
2018-01-30,39123.00,-0.05
2018-01-31,39319.00,0.50
2018-02-01,39309.00,-0.03
2018-02-02,38651.00,-1.67
2018-02-05,38553.00,-0.25
2018-02-06,38338.00,-0.56
2018-02-07,37863.00,-1.24
2018-02-08,38000.00,0.36
2018-02-09,37578.00,-1.11
2018-02-12,38268.00,1.84
2018-02-13,38245.00,-0.06
2018-02-14,38672.00,1.12
2018-02-15,38509.00,-0.42
2018-02-16,38665.00,0.41
2018-02-19,38553.00,-0.29
2018-02-20,38389.00,-0.43
2018-02-21,38640.00,0.65
2018-02-22,38695.00,0.14
2018-02-23,38403.00,-0.75
2018-02-26,38508.00,0.27
2018-02-27,38172.00,-0.87
2018-02-28,38246.00,0.19
2018-03-01,38041.00,-0.54
2018-03-02,38335.00,0.77
2018-03-05,38074.00,-0.68
2018-03-06,39281.00,3.17
2018-03-07,38712.00,-1.45
2018-03-08,38759.00,0.12
2018-03-09,38947.00,0.49
2018-03-12,38755.00,-0.49
2018-03-13,38821.00,0.17
2018-03-14,38757.00,-0.16
2018-03-15,38587.00,-0.44
2018-03-16,38358.00,-0.59
2018-03-19,38520.00,0.42
2018-03-20,38216.00,-0.79
2018-03-21,38690.00,1.24
2018-03-22,38577.00,-0.29
2018-03-23,38874.00,0.77
2018-03-26,38955.00,0.21
2018-03-27,38664.00,-0.75
2018-03-28,38308.00,-0.92
2018-03-29,38322.00,0.04
2018-04-02,39030.00,1.85
2018-04-03,38417.00,-1.57
2018-04-04,38212.00,-0.53
2018-04-05,38226.00,0.04
2018-04-06,38235.00,0.02
2018-04-09,38545.00,0.81
2018-04-10,38720.00,0.45
2018-04-11,39181.00,1.19
2018-04-12,38668.00,-1.31
2018-04-13,38927.00,0.67
2018-04-16,39102.00,0.45
2018-04-17,39360.00,0.66
2018-04-18,40365.00,2.55
2018-04-19,40635.00,0.67
2018-04-20,40479.00,-0.38
2018-04-23,39515.00,-2.38
2018-04-24,39586.00,0.18
2018-04-25,39490.00,-0.24
2018-04-26,39343.00,-0.37
2018-04-27,39004.00,-0.86
2018-04-30,38642.00,-0.93
2018-05-01,38271.00,-0.96
2018-05-02,38809.00,1.41
2018-05-03,38878.00,0.18
2018-05-04,39094.00,0.56
2018-05-07,39911.00,2.09
2018-05-08,39797.00,-0.29
2018-05-09,40079.00,0.71
2018-05-10,40390.00,0.78
2018-05-11,40541.00,0.37
2018-05-14,40348.00,-0.48
2018-05-15,39952.00,-0.98
2018-05-16,39974.00,0.06
2018-05-17,40109.00,0.34
2018-05-18,40195.00,0.21
2018-05-21,40387.00,0.48
2018-05-22,40495.00,0.27
2018-05-23,40274.00,-0.55
2018-05-24,40882.00,1.51
2018-05-25,40267.00,-1.50
2018-05-28,39917.00,-0.87
2018-05-29,39979.00,0.16
2018-05-30,40044.00,0.16
2018-05-31,39904.00,-0.35
2018-06-01,39537.00,-0.92
2018-06-04,39576.00,0.10
2018-06-05,39804.00,0.58
2018-06-06,39927.00,0.31
2018-06-07,40460.00,1.33
2018-06-08,40412.00,-0.12
2018-06-11,40791.00,0.94
2018-06-12,40691.00,-0.25
2018-06-13,40766.00,0.18
2018-06-14,41508.00,1.82
2018-06-15,40199.00,-3.15
2018-06-18,40020.00,-0.45
2018-06-19,39688.00,-0.83
2018-06-20,39626.00,-0.16
2018-06-21,39554.00,-0.18
2018-06-22,39796.00,0.61
2018-06-25,39645.00,-0.38
2018-06-26,39640.00,-0.01
2018-06-27,39642.00,0.01
2018-06-28,39117.00,-1.32
2018-06-29,39228.00,0.28
2018-07-02,38637.00,-1.51
2018-07-03,39078.00,1.14
2018-07-04,39220.00,0.36
2018-07-05,39226.00,0.02
2018-07-06,39766.00,1.38
2018-07-09,39885.00,0.30
2018-07-10,39793.00,-0.23
2018-07-11,39290.00,-1.26
2018-07-12,39335.00,0.11
2018-07-13,39046.00,-0.73
2018-07-16,39042.00,-0.01
2018-07-17,38520.00,-1.34
2018-07-18,38438.00,-0.21
2018-07-19,38294.00,-0.37
2018-07-20,38457.00,0.43
2018-07-23,38283.00,-0.45
2018-07-24,38450.00,0.44
2018-07-25,38559.00,0.28
2018-07-26,38275.00,-0.74
2018-07-27,38326.00,0.13
2018-07-30,38342.00,0.04
2018-07-31,38321.00,-0.05
2018-08-01,37956.00,-0.95
2018-08-02,37941.00,-0.04
2018-08-03,38072.00,0.35
2018-08-06,37896.00,-0.46
2018-08-07,37883.00,-0.03
2018-08-08,37947.00,0.17
2018-08-09,38127.00,0.47
2018-08-10,37968.00,-0.42
2018-08-13,37711.00,-0.68
2018-08-14,37799.00,0.23
2018-08-16,36889.00,-2.41
2018-08-17,36778.00,-0.30
2018-08-20,36778.00,0.00
2018-08-21,36952.00,0.47
2018-08-22,36900.00,-0.14
2018-08-23,36608.00,-0.79
2018-08-24,37004.00,1.08
2018-08-27,37150.00,0.39
2018-08-28,37120.00,-0.08
2018-08-29,37135.00,0.04
2018-08-30,36861.00,-0.74
2018-08-31,36701.00,-0.43
2018-09-03,36816.00,0.31
2018-09-04,36156.00,-1.79
2018-09-05,36516.00,1.00
2018-09-06,37151.00,1.74
2018-09-07,37167.00,0.04
2018-09-10,37494.00,0.88
2018-09-11,37401.00,-0.25
2018-09-12,37283.00,-0.32
2018-09-13,37061.00,-0.60
2018-09-14,36993.00,-0.18
2018-09-17,37433.00,1.19
2018-09-18,37438.00,0.01
2018-09-19,37321.00,-0.31
2018-09-20,37259.00,-0.17
2018-09-21,37590.00,0.89
2018-09-24,37867.00,0.74
2018-09-25,38242.00,0.99
2018-09-26,37866.00,-0.98
2018-09-27,37599.00,-0.71
2018-09-28,38577.00,2.60
2018-10-01,38445.00,-0.34
2018-10-03,39092.00,1.68
2018-10-04,38971.00,-0.31
2018-10-05,39274.00,0.78
2018-10-08,38458.00,-2.08
2018-10-09,38621.00,0.42
2018-10-10,38485.00,-0.35
2018-10-11,38889.00,1.05
2018-10-12,38918.00,0.07
2018-10-15,39153.00,0.60
2018-10-16,38864.00,-0.74
2018-10-17,38835.00,-0.07
2018-10-18,38859.00,0.06
2018-10-19,38796.00,-0.16
2018-10-22,38730.00,-0.17
2018-10-23,39113.00,0.99
2018-10-24,38836.00,-0.71
2018-10-25,38615.00,-0.57
2018-10-26,38712.00,0.25
2018-10-29,38285.00,-1.10
2018-10-30,38328.00,0.11
2018-10-31,38050.00,-0.73
2018-11-01,38771.00,1.89
2018-11-02,38620.00,-0.39
2018-11-05,38359.00,-0.68
2018-11-06,38128.00,-0.60
2018-11-07,38257.00,0.34
2018-11-08,37613.00,-1.68
2018-11-09,36880.00,-1.95
2018-11-12,36695.00,-0.50
2018-11-13,36385.00,-0.84
2018-11-14,36494.00,0.30
2018-11-15,36691.00,0.54
2018-11-16,36991.00,0.82
2018-11-19,36864.00,-0.34
2018-11-20,36592.00,-0.74
2018-11-21,36909.00,0.87
2018-11-22,36586.00,-0.88
2018-11-23,36061.00,-1.43
2018-11-26,36024.00,-0.10
2018-11-27,35772.00,-0.70
2018-11-28,36124.00,0.98
2018-11-29,35614.00,-1.41
2018-11-30,35147.00,-1.31
2018-12-03,36153.00,2.86
2018-12-04,36634.00,1.33
2018-12-05,36362.00,-0.74
2018-12-06,37218.00,2.35
2018-12-07,37972.00,2.03
2018-12-10,38369.00,1.05
2018-12-11,38331.00,-0.10
2018-12-12,38561.00,0.60
2018-12-13,38356.00,-0.53
2018-12-14,38054.00,-0.79
2018-12-17,38169.00,0.30
2018-12-18,37453.00,-1.88
2018-12-19,37679.00,0.60
2018-12-20,37525.00,-0.41
2018-12-21,37256.00,-0.72
2018-12-24,37541.00,0.76
2018-12-26,38253.00,1.90
2018-12-27,38690.00,1.14
2018-12-28,38706.00,0.04
2018-12-31,38821.00,0.30
2019-01-01,38786.00,-0.09
2019-01-02,39127.00,0.88
2019-01-03,39501.00,0.96
2019-01-04,39173.00,-0.83
2019-01-07,39222.00,0.13
2019-01-08,39337.00,0.29
2019-01-09,39521.00,0.47
2019-01-10,39285.00,-0.60
2019-01-11,39336.00,0.13
2019-01-14,39552.00,0.55
2019-01-15,39569.00,0.04
2019-01-16,39592.00,0.06
2019-01-17,39400.00,-0.48
2019-01-18,39198.00,-0.51
2019-01-21,38887.00,-0.79
2019-01-22,39072.00,0.48
2019-01-23,39099.00,0.07
2019-01-24,38883.00,-0.55
2019-01-25,39670.00,2.02
2019-01-28,39936.00,0.67
2019-01-29,40266.00,0.83
2019-01-30,40335.00,0.17
2019-01-31,40439.00,0.26
2019-02-01,40576.00,0.34
2019-02-04,40615.00,0.10
2019-02-05,40362.00,-0.62
2019-02-06,40146.00,-0.54
2019-02-07,39920.00,-0.56
2019-02-08,40105.00,0.46
2019-02-11,39822.00,-0.71
2019-02-12,39503.00,-0.80
2019-02-13,39586.00,0.21
2019-02-14,39443.00,-0.36
2019-02-15,39962.00,1.32
2019-02-18,40170.00,0.52
2019-02-19,40557.00,0.96
2019-02-20,40891.00,0.82
2019-02-21,40164.00,-1.78
2019-02-22,40268.00,0.26
2019-02-25,40006.00,-0.65
2019-02-26,40054.00,0.12
2019-02-27,39760.00,-0.73
2019-02-28,39134.00,-1.57
2019-03-01,38301.00,-2.13
2019-03-04,38045.00,-0.67
2019-03-05,37855.00,-0.50
2019-03-06,38165.00,0.82
2019-03-07,38064.00,-0.26
2019-03-08,38728.00,1.74
2019-03-11,38450.00,-0.72
2019-03-12,38689.00,0.62
2019-03-13,38748.00,0.15
2019-03-14,37927.00,-2.12
2019-03-15,38087.00,0.42
2019-03-18,37907.00,-0.47
2019-03-19,38255.00,0.92
2019-03-20,37970.00,-0.75
2019-03-21,38263.00,0.77
2019-03-22,38362.00,0.26
2019-03-25,38592.00,0.60
2019-03-26,38319.00,-0.71
2019-03-27,38015.00,-0.79
2019-03-28,37317.00,-1.84
2019-03-29,37761.00,1.19
2019-04-01,37612.00,-0.39
2019-04-02,37367.00,-0.65
2019-04-03,37226.00,-0.38
2019-04-04,37468.00,0.65
2019-04-05,37519.00,0.14
2019-04-08,38013.00,1.32
2019-04-09,37838.00,-0.46
2019-04-10,37861.00,0.06
2019-04-11,36920.00,-2.49
2019-04-12,37220.00,0.81
2019-04-15,37273.00,0.14
2019-04-16,37263.00,-0.03
2019-04-17,37210.00,-0.14
2019-04-18,37230.00,0.05
2019-04-22,37381.00,0.41
2019-04-23,36976.00,-1.08
2019-04-24,37482.00,1.37
2019-04-25,37457.00,-0.07
2019-04-26,37518.00,0.16
2019-04-30,37209.00,-0.82
2019-05-01,36678.00,-1.43
2019-05-02,36273.00,-1.10
2019-05-03,37059.00,2.17
2019-05-06,37376.00,0.86
2019-05-07,37464.00,0.24
2019-05-08,37402.00,-0.17
2019-05-09,37398.00,-0.01
2019-05-10,37354.00,-0.12
2019-05-13,37650.00,0.79
2019-05-14,37521.00,-0.34
2019-05-15,37517.00,-0.01
2019-05-16,36859.00,-1.75
2019-05-17,36577.00,-0.77
2019-05-20,36371.00,-0.56
2019-05-21,36246.00,-0.34
2019-05-22,36309.00,0.17
2019-05-23,36657.00,0.96
2019-05-24,36384.00,-0.74
2019-05-27,36449.00,0.18
2019-05-28,35914.00,-1.47
2019-05-29,36286.00,1.04
2019-05-30,36420.00,0.37
2019-05-31,36449.00,0.08
2019-06-03,36713.00,0.72
2019-06-04,36855.00,0.39
2019-06-05,36841.00,-0.04
2019-06-06,37022.00,0.49
2019-06-07,37344.00,0.87
2019-06-10,36583.00,-2.04
2019-06-11,36735.00,0.42
2019-06-12,36755.00,0.05
2019-06-13,37105.00,0.95
2019-06-14,37035.00,-0.19
2019-06-17,37092.00,0.15
2019-06-18,37306.00,0.58
2019-06-19,37304.00,-0.01
2019-06-20,38365.00,2.84
2019-06-21,37954.00,-1.07
2019-06-24,38075.00,0.32
2019-06-25,38002.00,-0.19
2019-06-26,37862.00,-0.37
2019-06-27,37542.00,-0.85
2019-06-28,37452.00,-0.24
2019-07-01,36635.00,-2.18
2019-07-02,37032.00,1.08
2019-07-03,37210.00,0.48
2019-07-04,37075.00,-0.36
2019-07-05,37285.00,0.57
2019-07-08,38024.00,1.98
2019-07-09,38180.00,0.41
2019-07-10,38320.00,0.37
2019-07-11,38113.00,-0.54
2019-07-12,38390.00,0.73
2019-07-15,38625.00,0.61
2019-07-16,39326.00,1.81
2019-07-17,40176.00,2.16
2019-07-18,40738.00,1.40
2019-07-19,40682.00,-0.14
2019-07-22,41281.00,1.47
2019-07-23,41434.00,0.37
2019-07-24,41783.00,0.84
2019-07-25,41388.00,-0.95
2019-07-26,41152.00,-0.57
2019-07-29,41195.00,0.10
2019-07-30,41570.00,0.91
2019-07-31,41227.00,-0.83
2019-08-01,40986.00,-0.58
2019-08-02,41364.00,0.92
2019-08-05,42483.00,2.71
2019-08-06,42487.00,0.01
2019-08-07,43779.00,3.04
2019-08-08,43067.00,-1.63
2019-08-09,43324.00,0.60
2019-08-12,43666.00,0.79
2019-08-13,43117.00,-1.26
2019-08-14,44079.00,2.23
2019-08-16,43824.00,-0.58
2019-08-19,43430.00,-0.90
2019-08-20,43941.00,1.18
2019-08-21,43816.00,-0.28
2019-08-22,43896.00,0.18
2019-08-23,44602.00,1.61
2019-08-26,45093.00,1.10
2019-08-27,45970.00,1.94
2019-08-28,46646.00,1.47
2019-08-29,46312.00,-0.72
2019-08-30,46742.00,0.93
2019-09-02,47489.00,1.60
2019-09-03,49678.00,4.61
2019-09-04,50191.00,1.03
2019-09-05,48203.00,-3.96
2019-09-06,47885.00,-0.66
2019-09-09,47741.00,-0.30
2019-09-10,47798.00,0.12
2019-09-11,47500.00,-0.62
2019-09-12,47128.00,-0.78
2019-09-13,45761.00,-2.90
2019-09-16,47218.00,3.18
2019-09-17,47361.00,0.30
2019-09-18,46592.00,-1.62
2019-09-19,46606.00,0.03
2019-09-20,46465.00,-0.30
2019-09-23,48113.00,3.55
2019-09-24,48022.00,-0.19
2019-09-25,46785.00,-2.58
2019-09-26,46380.00,-0.87
2019-09-27,45517.00,-1.86
2019-09-30,44119.00,-3.07
2019-10-01,44852.00,1.66
2019-10-03,45639.00,1.75
2019-10-04,45379.00,-0.57
2019-10-07,45222.00,-0.35
2019-10-08,45874.00,1.44
2019-10-09,46044.00,0.37
2019-10-10,45421.00,-1.35
2019-10-11,45171.00,-0.55
2019-10-14,45804.00,1.40
2019-10-15,45226.00,-1.26
2019-10-16,45226.00,0.00
2019-10-17,45545.00,0.71
2019-10-18,45453.00,-0.20
2019-10-21,45431.00,-0.05
2019-10-22,45176.00,-0.56
2019-10-23,45311.00,0.30
2019-10-24,45992.00,1.50
2019-10-25,46306.00,0.68
2019-10-27,46485.00,0.39
2019-10-28,46034.00,-0.97
2019-10-29,45989.00,-0.10
2019-10-30,46119.00,0.28
2019-10-31,46764.00,1.40
2019-11-01,46392.00,-0.80
2019-11-04,46612.00,0.47
2019-11-05,45500.00,-2.39
2019-11-06,45658.00,0.35
2019-11-07,44168.00,-3.26
2019-11-08,43872.00,-0.67
2019-11-11,43986.00,0.26
2019-11-12,43887.00,-0.23
2019-11-13,44534.00,1.47
2019-11-14,44723.00,0.42
2019-11-15,44445.00,-0.62
2019-11-18,44685.00,0.54
2019-11-19,44862.00,0.40
2019-11-20,44819.00,-0.10
2019-11-21,44738.00,-0.18
2019-11-22,44480.00,-0.58
2019-11-25,44237.00,-0.55
2019-11-26,44435.00,0.45
2019-11-27,44040.00,-0.89
2019-11-28,44159.00,0.27
2019-11-29,44506.00,0.79
2019-12-02,44344.00,-0.36
2019-12-03,44620.00,0.62
2019-12-04,44392.00,-0.51
2019-12-05,44064.00,-0.74
2019-12-06,43545.00,-1.18
2019-12-09,43502.00,-0.10
2019-12-10,43507.00,0.01
2019-12-11,43825.00,0.73
2019-12-12,43926.00,0.23
2019-12-13,44126.00,0.46
2019-12-16,44493.00,0.83
2019-12-17,44505.00,0.03
2019-12-18,44447.00,-0.13
2019-12-19,44796.00,0.79
2019-12-20,44904.00,0.24
2019-12-23,45661.00,1.69
2019-12-24,46506.00,1.85
2019-12-26,46823.00,0.68
2019-12-27,46966.00,0.31
2019-12-30,46855.00,-0.24
2019-12-31,46711.00,-0.31
2020-01-01,46665.00,-0.10
2020-01-02,47022.00,0.77
2020-01-03,47527.00,1.07
2020-01-06,47546.00,0.04
2020-01-07,48106.00,1.18
2020-01-08,47391.00,-1.49
2020-01-09,46579.00,-1.71
2020-01-10,46911.00,0.71
2020-01-13,46443.00,-1.00
2020-01-14,45903.00,-1.16
2020-01-15,46389.00,1.06
2020-01-16,46422.00,0.07
2020-01-17,46756.00,0.72
2020-01-20,46701.00,-0.12
2020-01-21,46143.00,-1.19
2020-01-22,46233.00,0.20
2020-01-23,46380.00,0.32
2020-01-24,46935.00,1.20
2020-01-27,47005.00,0.15
2020-01-28,45474.00,-3.26
2020-01-29,45551.00,0.17
2020-01-30,46914.00,2.99
2020-01-31,46989.00,0.16
2020-02-01,47160.00,0.36
2020-02-03,45890.00,-2.69
2020-02-04,45534.00,-0.78
2020-02-05,45735.00,0.44
2020-02-06,46220.00,1.06
2020-02-07,46106.00,-0.25
2020-02-10,46229.00,0.27
2020-02-11,45664.00,-1.22
2020-02-12,45500.00,-0.36
2020-02-13,45799.00,0.66
2020-02-14,46227.00,0.93
2020-02-17,46123.00,-0.22
2020-02-18,47263.00,2.47
2020-02-19,47570.00,0.65
2020-02-20,47898.00,0.69
2020-02-21,48304.00,0.85
2020-02-24,49405.00,2.28
2020-02-25,47567.00,-3.72
2020-02-26,46576.00,-2.08
2020-02-27,46180.00,-0.85
2020-02-28,43979.00,-4.77
2020-03-02,44561.00,1.32
2020-03-03,45290.00,1.64
2020-03-04,46146.00,1.89
2020-03-05,45894.00,-0.55
2020-03-06,46969.00,2.34
2020-03-09,46711.00,-0.55
2020-03-10,46122.00,-1.26
2020-03-11,45826.00,-0.64
2020-03-12,44139.00,-3.68
2020-03-13,40487.00,-8.27
2020-03-16,36207.00,-10.57
2020-03-17,35453.00,-2.08
2020-03-18,33907.00,-4.36
2020-03-19,35102.00,3.52
2020-03-20,35843.00,2.11
2020-03-23,37912.00,5.77
2020-03-24,40524.00,6.89
2020-03-25,41706.00,2.92
2020-03-26,41322.00,-0.92
2020-03-27,40894.00,-1.04
2020-03-30,39798.00,-2.68
2020-03-31,39523.00,-0.69
2020-04-01,39872.00,0.88
2020-04-03,41223.00,3.39
2020-04-07,43494.00,5.51
2020-04-08,43139.00,-0.82
2020-04-09,43502.00,0.84
2020-04-13,43756.00,0.58
2020-04-15,44031.00,0.63
2020-04-16,44255.00,0.51
2020-04-17,42806.00,-3.27
2020-04-20,42737.00,-0.16
2020-04-21,41748.00,-2.31
2020-04-22,41686.00,-0.15
2020-04-23,41806.00,0.29
2020-04-24,42051.00,0.59
2020-04-27,41957.00,-0.22
2020-04-28,41712.00,-0.58
2020-04-29,41775.00,0.15
2020-04-30,40989.00,-1.88
2020-05-01,41237.00,0.61
2020-05-04,40918.00,-0.77
2020-05-05,41005.00,0.21
2020-05-06,41845.00,2.05
2020-05-07,43123.00,3.05
2020-05-08,43293.00,0.39
2020-05-11,43230.00,-0.15
2020-05-12,43054.00,-0.41
2020-05-13,42965.00,-0.21
2020-05-14,44135.00,2.72
2020-05-15,46718.00,5.85
2020-05-18,47698.00,2.10
2020-05-19,48821.00,2.35
2020-05-20,49058.00,0.49
2020-05-21,47335.00,-3.51
2020-05-22,48338.00,2.12
2020-05-25,48257.00,-0.17
2020-05-26,47821.00,-0.90
2020-05-27,48390.00,1.19
2020-05-28,48558.00,0.35
2020-05-29,50118.00,3.21
2020-06-01,50611.00,0.98
2020-06-02,49080.00,-3.03
2020-06-03,48454.00,-1.28
2020-06-04,48811.00,0.74
2020-06-05,47351.00,-2.99
2020-06-08,48185.00,1.76
2020-06-09,48099.00,-0.18
2020-06-10,48084.00,-0.03
2020-06-11,48639.00,1.15
2020-06-12,47690.00,-1.95
2020-06-15,47393.00,-0.62
2020-06-16,48330.00,1.98
2020-06-17,48436.00,0.22
2020-06-18,47861.00,-1.19
2020-06-19,48636.00,1.62
2020-06-22,48500.00,-0.28
2020-06-23,48784.00,0.59
2020-06-24,47786.00,-2.05
2020-06-25,48116.00,0.69
2020-06-26,48365.00,0.52
2020-06-29,48123.00,-0.50
2020-06-30,49651.00,3.18
2020-07-01,48770.00,-1.77
2020-07-02,48103.00,-1.37
2020-07-03,48395.00,0.61
2020-07-06,49790.00,2.88
2020-07-07,50202.00,0.83
2020-07-08,51382.00,2.35
2020-07-09,51091.00,-0.57
2020-07-10,51362.00,0.53
2020-07-13,53048.00,3.28
2020-07-14,52649.00,-0.75
2020-07-15,53058.00,0.78
2020-07-16,52610.00,-0.84
2020-07-17,52899.00,0.55
2020-07-20,54005.00,2.09
2020-07-21,57342.00,6.18
2020-07-22,61115.00,6.58
2020-07-23,61190.00,0.12
2020-07-24,61223.00,0.05
2020-07-27,65528.00,7.03
2020-07-28,65004.00,-0.80
2020-07-29,65354.00,0.54
2020-07-30,62670.00,-4.11
2020-07-31,64984.00,3.69
2020-08-03,65748.00,1.18
2020-08-04,69797.00,6.16
2020-08-05,71893.00,3.00
2020-08-06,76052.00,5.78
2020-08-07,74160.00,-2.49
2020-08-10,75394.00,1.66
2020-08-11,66934.00,-11.22
2020-08-12,66753.00,-0.27
2020-08-13,71077.00,6.48
2020-08-14,67171.00,-5.50
2020-08-17,69155.00,2.95
2020-08-18,69505.00,0.51
2020-08-19,67963.00,-2.22
2020-08-20,67595.00,-0.54
2020-08-21,67067.00,-0.78
2020-08-24,65569.00,-2.23
2020-08-25,64007.00,-2.38
2020-08-26,67529.00,5.50
2020-08-27,65190.00,-3.46
2020-08-28,65976.00,1.21
2020-08-31,67318.00,2.03
2020-09-01,68349.00,1.53
2020-09-02,65784.00,-3.75
2020-09-03,64717.00,-1.62
2020-09-04,64663.00,-0.08
2020-09-07,68271.00,5.58
2020-09-08,68494.00,0.33
2020-09-09,68443.00,-0.07
2020-09-10,68991.00,0.80
2020-09-11,67928.00,-1.54
2020-09-14,68965.00,1.53
2020-09-15,68967.00,0.00
2020-09-16,68781.00,-0.27
2020-09-17,68142.00,-0.93
2020-09-18,67877.00,-0.39
2020-09-21,61316.00,-9.67
2020-09-22,61213.00,-0.17
2020-09-23,58488.00,-4.45
2020-09-24,59629.00,1.95
2020-09-25,59027.00,-1.01
2020-09-28,60396.00,2.32
2020-09-29,62466.00,3.43
2020-09-30,59919.00,-4.08
2020-10-01,61145.00,2.05
2020-10-05,61941.00,1.30
2020-10-06,60571.00,-2.21
2020-10-07,60419.00,-0.25
2020-10-08,60519.00,0.17
2020-10-09,62884.00,3.91
2020-10-12,63098.00,0.34
2020-10-13,60542.00,-4.05
2020-10-14,61603.00,1.75
2020-10-15,61535.00,-0.11
2020-10-16,61676.00,0.23
2020-10-19,62095.00,0.68
2020-10-20,63124.00,1.66
2020-10-21,63629.00,0.80
2020-10-22,62615.00,-1.59
2020-10-23,62449.00,-0.27
2020-10-26,61906.00,-0.87
2020-10-27,62281.00,0.61
2020-10-28,60138.00,-3.44
2020-10-29,60172.00,0.06
2020-10-30,60865.00,1.15
2020-11-02,62007.00,1.88
2020-11-03,62685.00,1.09
2020-11-04,61389.00,-2.07
2020-11-05,64253.00,4.67
2020-11-06,65335.00,1.68
2020-11-09,60854.00,-6.86
2020-11-10,63044.00,3.60
2020-11-11,62541.00,-0.80
2020-11-12,62739.00,0.32
2020-11-13,63733.00,1.58
2020-11-14,63608.00,-0.20
2020-11-16,63691.00,0.13
2020-11-17,63248.00,-0.70
2020-11-18,62543.00,-1.11
2020-11-19,61510.00,-1.65
2020-11-20,62158.00,1.05
2020-11-23,60525.00,-2.63
2020-11-24,59621.00,-1.49
2020-11-25,59843.00,0.37
2020-11-26,59873.00,0.05
2020-11-27,58984.00,-1.48
2020-11-30,59122.00,0.23
2020-12-01,61918.00,4.73
2020-12-02,62153.00,0.38
2020-12-03,62682.00,0.85
2020-12-04,62471.00,-0.34
2020-12-07,65499.00,4.85
2020-12-08,65192.00,-0.47
2020-12-09,63499.00,-2.60
2020-12-10,63530.00,0.05
2020-12-11,63735.00,0.32
2020-12-14,63471.00,-0.41
2020-12-15,64853.00,2.18
2020-12-16,65911.00,1.63
2020-12-17,68267.00,3.57
2020-12-18,67907.00,-0.53
2020-12-21,69018.00,1.64
2020-12-22,66871.00,-3.11
2020-12-23,67576.00,1.05
2020-12-24,67509.00,-0.10
2020-12-28,68817.00,1.94
2020-12-29,68097.00,-1.05
2020-12-30,68614.00,0.76
2020-12-31,68105.00,-0.74
2021-01-01,68123.00,0.03
2021-01-04,70036.00,2.81
2021-01-05,70858.00,1.17
2021-01-06,69417.00,-2.03
2021-01-07,69962.00,0.79
2021-01-08,64231.00,-8.19
2021-01-11,65555.00,2.06
2021-01-12,65906.00,0.54
2021-01-13,66021.00,0.17
2021-01-14,66683.00,1.00
2021-01-15,64764.00,-2.88
2021-01-18,65429.00,1.03
2021-01-19,66036.00,0.93
2021-01-20,66990.00,1.44
2021-01-21,67300.00,0.46
2021-01-22,66642.00,-0.98
2021-01-25,66535.00,-0.16
2021-01-27,66536.00,0.00
2021-01-28,67595.00,1.59
2021-01-29,69706.00,3.12
2021-02-01,73666.00,5.68
2021-02-02,67541.00,-8.31
2021-02-03,68565.00,1.52
2021-02-04,66818.00,-2.55
2021-02-05,68738.00,2.87
2021-02-08,70084.00,1.96
2021-02-09,69696.00,-0.55
2021-02-10,68926.00,-1.10
2021-02-11,68492.00,-0.63
2021-02-12,69117.00,0.91
2021-02-15,70129.00,1.46
2021-02-16,69372.00,-1.08
2021-02-17,69231.00,-0.20
2021-02-18,68494.00,-1.06
2021-02-19,69012.00,0.76
2021-02-22,70432.00,2.06
2021-02-23,69341.00,-1.55
2021-02-24,69543.00,0.29
2021-02-25,69276.00,-0.38
2021-02-26,67261.00,-2.91
2021-03-01,67422.00,0.24
2021-03-02,67339.00,-0.12
2021-03-03,66113.00,-1.82
2021-03-04,65476.00,-0.96
2021-03-05,64500.00,-1.49
2021-03-08,65852.00,2.10
2021-03-09,67480.00,2.47
2021-03-10,67475.00,-0.01
2021-03-11,67545.00,0.10
2021-03-12,66844.00,-1.04
2021-03-15,67669.00,1.23
2021-03-16,66919.00,-1.11
2021-03-17,67227.00,0.46
2021-03-18,67747.00,0.77
2021-03-19,67527.00,-0.32
2021-03-22,66331.00,-1.77
2021-03-23,64972.00,-2.05
2021-03-24,65245.00,0.42
2021-03-25,64869.00,-0.58
2021-03-26,64805.00,-0.10
2021-03-29,64174.00,-0.97
2021-03-30,63124.00,-1.64
2021-03-31,63814.00,1.09
2021-04-01,65089.00,2.00
2021-04-05,64562.00,-0.81
2021-04-06,65897.00,2.07
2021-04-07,66634.00,1.12
2021-04-08,67501.00,1.30
2021-04-09,66983.00,-0.77
2021-04-12,66128.00,-1.28
2021-04-13,67656.00,2.31
2021-04-14,67638.00,-0.03
2021-04-15,68540.00,1.33
2021-04-16,68684.00,0.21
2021-04-19,68324.00,-0.52
2021-04-20,68745.00,0.62
2021-04-21,70338.00,2.32
2021-04-22,69218.00,-1.59
2021-04-23,68674.00,-0.79
2021-04-26,68680.00,0.01
2021-04-27,68958.00,0.40
2021-04-28,67786.00,-1.70
2021-04-29,67474.00,-0.46
2021-04-30,67524.00,0.07
2021-05-03,69871.00,3.48
2021-05-04,69441.00,-0.62
2021-05-05,68520.00,-1.33
2021-05-06,71681.00,4.61
2021-05-07,71429.00,-0.35
2021-05-10,71544.00,0.16
2021-05-11,71929.00,0.54
2021-05-12,71121.00,-1.12
2021-05-13,70473.00,-0.91
2021-05-14,71085.00,0.87
2021-05-17,73324.00,3.15
2021-05-18,73196.00,-0.17
2021-05-19,72374.00,-1.12
2021-05-20,72304.00,-0.10
2021-05-21,71049.00,-1.74
2021-05-24,71811.00,1.07
2021-05-25,72140.00,0.46
2021-05-26,71411.00,-1.01
2021-05-27,71719.00,0.43
2021-05-28,71611.00,-0.15
2021-05-31,71898.00,0.40
2021-06-01,72248.00,0.49
2021-06-02,72678.00,0.60
2021-06-03,70810.00,-2.57
2021-06-04,71539.00,1.03
2021-06-07,71817.00,0.39
2021-06-08,71231.00,-0.82
2021-06-09,71884.00,0.92
2021-06-10,71999.00,0.16
2021-06-11,72227.00,0.32
2021-06-14,71879.00,-0.48
2021-06-15,71248.00,-0.88
2021-06-16,71468.00,0.31
2021-06-17,67599.00,-5.41
2021-06-18,67598.00,0.00
2021-06-21,67762.00,0.24
2021-06-22,67515.00,-0.36
2021-06-23,67932.00,0.62
2021-06-24,67733.00,-0.29
2021-06-25,67873.00,0.21
2021-06-28,68141.00,0.39
2021-06-29,67232.00,-1.33
2021-06-30,68135.00,1.34
2021-07-01,68155.00,0.03
2021-07-02,69118.00,1.41
2021-07-05,69254.00,0.20
2021-07-06,69512.00,0.37
2021-07-07,69365.00,-0.21
2021-07-08,68962.00,-0.58
2021-07-09,69297.00,0.49
2021-07-12,69375.00,0.11
2021-07-13,69081.00,-0.42
2021-07-14,69412.00,0.48
2021-07-15,69681.00,0.39
2021-07-16,68319.00,-1.95
2021-07-19,67246.00,-1.57
2021-07-20,66606.00,-0.95
2021-07-21,67137.00,0.80
2021-07-22,67374.00,0.35
2021-07-23,67024.00,-0.52
2021-07-26,67121.00,0.14
2021-07-27,66056.00,-1.59
2021-07-28,66390.00,0.51
2021-07-29,68200.00,2.73
2021-07-30,67847.00,-0.52
2021-08-02,67889.00,0.06
2021-08-03,67914.00,0.04
2021-08-04,67601.00,-0.46
2021-08-05,66998.00,-0.89
2021-08-06,65000.00,-2.98
2021-08-09,62637.00,-3.64
2021-08-10,62636.00,0.00
2021-08-11,62771.00,0.22
2021-08-12,61860.00,-1.45
2021-08-13,63238.00,2.23
2021-08-16,63457.00,0.35
2021-08-17,63226.00,-0.36
2021-08-18,62483.00,-1.18
2021-08-19,62133.00,-0.56
2021-08-20,61721.00,-0.66
2021-08-23,62927.00,1.95
2021-08-24,63474.00,0.87
2021-08-25,63272.00,-0.32
2021-08-26,62723.00,-0.87
2021-08-27,63585.00,1.37
2021-08-30,63025.00,-0.88
2021-08-31,62916.00,-0.17
2021-09-01,63573.00,1.04
2021-09-02,63348.00,-0.35
2021-09-03,63226.00,-0.19
2021-09-06,65292.00,3.27
2021-09-07,64621.00,-1.03
2021-09-08,64183.00,-0.68
2021-09-09,64158.00,-0.04
2021-09-10,63592.00,-0.88
2021-09-13,63299.00,-0.46
2021-09-14,63585.00,0.45
2021-09-15,63293.00,-0.46
2021-09-16,61077.00,-3.50
2021-09-17,59992.00,-1.78
2021-09-20,59609.00,-0.64
2021-09-21,60439.00,1.39
2021-09-22,61180.00,1.23
2021-09-23,60789.00,-0.64
2021-09-24,59955.00,-1.37
2021-09-27,60634.00,1.13
2021-09-28,60464.00,-0.28
2021-09-29,58386.00,-3.44
2021-09-30,59617.00,2.11
2021-10-01,60550.00,1.56
2021-10-04,60953.00,0.67
2021-10-05,60986.00,0.05
2021-10-06,61003.00,0.03
2021-10-07,61258.00,0.42
2021-10-08,61801.00,0.89
2021-10-11,61744.00,-0.09
2021-10-12,61586.00,-0.26
2021-10-13,62887.00,2.11
2021-10-14,63555.00,1.06
2021-10-15,63271.00,-0.45
2021-10-18,63266.00,-0.01
2021-10-19,64450.00,1.87
2021-10-20,65607.00,1.80
2021-10-21,65013.00,-0.91
2021-10-22,65656.00,0.99
2021-10-25,66139.00,0.74
2021-10-26,64989.00,-1.74
2021-10-27,65165.00,0.27
2021-10-28,64931.00,-0.36
2021-10-29,64534.00,-0.61
2021-11-01,64791.00,0.40
2021-11-02,63223.00,-2.42
2021-11-03,62465.00,-1.20
2021-11-04,64120.00,2.65
2021-11-05,64332.00,0.33
2021-11-08,64881.00,0.85
2021-11-09,64570.00,-0.48
2021-11-10,65878.00,2.03
2021-11-11,66965.00,1.65
2021-11-12,67144.00,0.27
2021-11-15,66563.00,-0.87
2021-11-16,66234.00,-0.49
2021-11-17,66625.00,0.59
2021-11-18,65970.00,-0.98
2021-11-19,65556.00,-0.63
2021-11-22,64571.00,-1.50
2021-11-23,62509.00,-3.19
2021-11-24,62635.00,0.20
2021-11-25,63150.00,0.82
2021-11-26,62045.00,-1.75
2021-11-29,61640.00,-0.65
2021-11-30,61646.00,0.01
2021-12-01,61460.00,-0.30
2021-12-02,60653.00,-1.31
2021-12-03,60666.00,0.02
2021-12-06,61270.00,1.00
2021-12-07,61828.00,0.91
2021-12-08,61623.00,-0.33
2021-12-09,60798.00,-1.34
2021-12-10,61151.00,0.58
2021-12-13,61582.00,0.70
2021-12-14,60818.00,-1.24
2021-12-15,60208.00,-1.00
2021-12-16,62151.00,3.23
2021-12-17,62137.00,-0.02
2021-12-20,61417.00,-1.16
2021-12-21,61805.00,0.63
2021-12-22,62188.00,0.62
2021-12-23,62311.00,0.20
2021-12-24,62298.00,-0.02
2021-12-27,62301.00,0.00
2021-12-28,62514.00,0.34
2021-12-29,61838.00,-1.08
2021-12-30,62160.00,0.52
2021-12-31,62660.00,0.80
2022-01-03,61741.00,-1.47
2022-01-04,62226.00,0.79
2022-01-05,62238.00,0.02
2022-01-06,60426.00,-2.91
2022-01-07,60607.00,0.30
2022-01-10,60667.00,0.10
2022-01-11,61103.00,0.72
2022-01-12,61856.00,1.23
2022-01-13,61920.00,0.10
2022-01-14,61603.00,-0.51
2022-01-17,61898.00,0.48
2022-01-18,63019.00,1.81
2022-01-19,64405.00,2.20
2022-01-20,65379.00,1.51
2022-01-21,64806.00,-0.88
2022-01-24,63958.00,-1.31
2022-01-25,64071.00,0.18
2022-01-27,61944.00,-3.32
2022-01-28,61034.00,-1.47
2022-01-31,60976.00,-0.10
2022-02-01,61358.00,0.63
2022-02-02,61503.00,0.24
2022-02-03,60732.00,-1.25
2022-02-04,60849.00,0.19
2022-02-07,62035.00,1.95
2022-02-08,62367.00,0.54
2022-02-09,62688.00,0.51
2022-02-10,63266.00,0.92
2022-02-11,62988.00,-0.44
2022-02-14,64233.00,1.98
2022-02-15,62989.00,-1.94
2022-02-16,63299.00,0.49
2022-02-17,63861.00,0.89
2022-02-18,63902.00,0.06
2022-02-21,63591.00,-0.49
2022-02-22,64345.00,1.19
2022-02-23,64585.00,0.37
2022-02-24,66031.00,2.24
2022-02-25,64023.00,-3.04
2022-02-28,64920.00,1.40
2022-03-01,66999.00,3.20
2022-03-02,66963.00,-0.05
2022-03-03,67008.00,0.07
2022-03-04,67868.00,1.28
2022-03-07,69969.00,3.10
2022-03-08,71385.00,2.02
2022-03-09,69575.00,-2.54
2022-03-10,70471.00,1.29
2022-03-11,70370.00,-0.14
2022-03-14,68844.00,-2.17
2022-03-15,68325.00,-0.75
2022-03-16,67304.00,-1.49
2022-03-17,68446.00,1.70
2022-03-18,67876.00,-0.83
2022-03-21,68349.00,0.70
2022-03-22,67692.00,-0.96
2022-03-23,68264.00,0.85
2022-03-24,69320.00,1.55
2022-03-25,68836.00,-0.70
2022-03-28,68105.00,-1.06
2022-03-29,66947.00,-1.70
2022-03-30,67406.00,0.69
2022-03-31,67487.00,0.12
2022-04-01,66733.00,-1.12
2022-04-04,66295.00,-0.66
2022-04-05,66198.00,-0.15
2022-04-06,66305.00,0.16
2022-04-07,66765.00,0.69
2022-04-08,66992.00,0.34
2022-04-11,67294.00,0.45
2022-04-12,68790.00,2.22
2022-04-13,69466.00,0.98
2022-04-14,69032.00,-0.62
2022-04-18,69976.00,1.37
2022-04-19,68770.00,-1.72
2022-04-20,68406.00,-0.53
2022-04-21,67125.00,-1.87
2022-04-22,66546.00,-0.86
2022-04-25,65116.00,-2.15
2022-04-26,64968.00,-0.23
2022-04-27,64680.00,-0.44
2022-04-28,63917.00,-1.18
2022-04-29,63556.00,-0.56
2022-05-02,62284.00,-2.00
2022-05-03,62482.00,0.32
2022-05-04,61662.00,-1.31
2022-05-05,63065.00,2.28
2022-05-06,62548.00,-0.82
2022-05-09,61497.00,-1.68
2022-05-10,60618.00,-1.43
2022-05-11,60752.00,0.22
2022-05-12,58751.00,-3.29
2022-05-13,59332.00,0.99
2022-05-16,60926.00,2.69
2022-05-17,61156.00,0.38
2022-05-18,60778.00,-0.62
2022-05-19,61564.00,1.29
2022-05-20,61407.00,-0.26
2022-05-23,61303.00,-0.17
2022-05-24,61976.00,1.10
2022-05-25,61534.00,-0.71
2022-05-26,61793.00,0.42
2022-05-27,62116.00,0.52
2022-05-30,61882.00,-0.38
2022-05-31,61125.00,-1.22
2022-06-01,61580.00,0.74
2022-06-02,62336.00,1.23
2022-06-03,61669.00,-1.07
2022-06-06,62299.00,1.02
2022-06-07,62243.00,-0.09
2022-06-08,62026.00,-0.35
2022-06-09,61411.00,-0.99
2022-06-10,61929.00,0.84
2022-06-13,60311.00,-2.61
2022-06-14,59501.00,-1.34
2022-06-15,60697.00,2.01
2022-06-16,61527.00,1.37
2022-06-17,60937.00,-0.96
2022-06-20,60744.00,-0.32
2022-06-21,61271.00,0.87
2022-06-22,60648.00,-1.02
2022-06-23,59504.00,-1.89
2022-06-24,59749.00,0.41
2022-06-27,59946.00,0.33
2022-06-28,59539.00,-0.68
2022-06-29,59061.00,-0.80
2022-06-30,58330.00,-1.24
2022-07-01,57742.00,-1.01
2022-07-04,57800.00,0.10
2022-07-05,60000.00,3.81
2022-07-06,56726.00,-5.46
2022-07-07,56939.00,0.38
2022-07-08,57131.00,0.34
2022-07-11,56925.00,-0.36
2022-07-12,56466.00,-0.81
2022-07-13,57127.00,1.17
2022-07-14,55035.00,-3.66
2022-07-15,55587.00,1.00
2022-07-18,56091.00,0.91
2022-07-19,55727.00,-0.65
2022-07-20,55619.00,-0.19
2022-07-21,55411.00,-0.37
2022-07-22,55131.00,-0.51
2022-07-25,54407.00,-1.31
2022-07-26,54715.00,0.57
2022-07-27,54844.00,0.24
2022-07-28,57619.00,5.06
2022-07-29,58370.00,1.30
2022-08-01,58326.00,-0.08
2022-08-02,57586.00,-1.27
2022-08-03,57554.00,-0.06
2022-08-04,57982.00,0.74
2022-08-05,57364.00,-1.07
2022-08-08,59054.00,2.95
2022-08-09,58791.00,-0.45
2022-08-10,58960.00,0.29
2022-08-11,58377.00,-0.99
2022-08-12,59276.00,1.54
2022-08-16,57665.00,-2.72
2022-08-17,56915.00,-1.30
2022-08-18,56443.00,-0.83
2022-08-19,55496.00,-1.68
2022-08-22,54992.00,-0.91
2022-08-23,55207.00,0.39
2022-08-24,54937.00,-0.49
2022-08-25,55389.00,0.82
2022-08-26,54780.00,-1.10
2022-08-29,54329.00,-0.82
2022-08-30,53357.00,-1.79
2022-08-31,52561.00,-1.49
2022-09-01,51723.00,-1.59
2022-09-02,52637.00,1.77
2022-09-05,52908.00,0.51
2022-09-06,53146.00,0.45
2022-09-07,54027.00,1.66
2022-09-08,54281.00,0.47
2022-09-09,55050.00,1.42
2022-09-12,57491.00,4.43
2022-09-13,56811.00,-1.18
2022-09-14,56986.00,0.31
2022-09-15,56417.00,-1.00
2022-09-16,56720.00,0.54
2022-09-19,56684.00,-0.06
2022-09-20,56343.00,-0.60
2022-09-21,57298.00,1.69
2022-09-22,58027.00,1.27
2022-09-23,56233.00,-3.09
2022-09-26,55352.00,-1.57
2022-09-27,55379.00,0.05
2022-09-28,56528.00,2.07
2022-09-29,56160.00,-0.65
2022-09-30,56858.00,1.24
2022-10-03,60911.00,7.13
2022-10-04,61858.00,1.55
2022-10-05,60767.00,-1.76
2022-10-06,61346.00,0.95
2022-10-07,60785.00,-0.91
2022-10-10,59102.00,-2.77
2022-10-11,58535.00,-0.96
2022-10-12,57325.00,-2.07
2022-10-13,57140.00,-0.32
2022-10-14,55226.00,-3.35
2022-10-17,56307.00,1.96
2022-10-18,56354.00,0.08
2022-10-19,56014.00,-0.60
2022-10-20,56653.00,1.14
2022-10-21,57613.00,1.69
2022-10-24,57748.00,0.23
2022-10-25,58055.00,0.53
2022-10-26,58166.00,0.19
2022-10-27,58278.00,0.19
2022-10-28,57480.00,-1.37
2022-10-31,57678.00,0.34
2022-11-01,58846.00,2.03
2022-11-02,58790.00,-0.10
2022-11-03,58326.00,-0.79
2022-11-04,60538.00,3.79
2022-11-07,60843.00,0.50
2022-11-08,61959.00,1.83
2022-11-09,61561.00,-0.64
2022-11-10,61911.00,0.57
2022-11-11,61571.00,-0.55
2022-11-14,62470.00,1.46
2022-11-15,61590.00,-1.41
2022-11-16,61997.00,0.66
2022-11-17,60978.00,-1.64
2022-11-18,60875.00,-0.17
2022-11-21,60635.00,-0.39
2022-11-22,60986.00,0.58
2022-11-23,61630.00,1.06
2022-11-24,61993.00,0.59
2022-11-25,61676.00,-0.51
2022-11-28,60891.00,-1.27
2022-11-29,61151.00,0.43
2022-11-30,62240.00,1.78
2022-12-01,63905.00,2.68
2022-12-02,64768.00,1.35
2022-12-05,64351.00,-0.64
2022-12-06,65414.00,1.65
2022-12-07,66267.00,1.30
2022-12-08,67034.00,1.16
2022-12-09,68038.00,1.50
2022-12-12,67786.00,-0.37
2022-12-13,68775.00,1.46
2022-12-14,69302.00,0.77
2022-12-15,67818.00,-2.14
2022-12-16,67650.00,-0.25
2022-12-19,67512.00,-0.20
2022-12-20,69642.00,3.15
2022-12-21,69709.00,0.10
2022-12-22,68520.00,-1.71
2022-12-23,69033.00,0.75
2022-12-26,69075.00,0.06
2022-12-27,69801.00,1.05
2022-12-28,69013.00,-1.13
2022-12-29,69767.00,1.09
2022-12-30,69413.00,-0.51
2023-01-02,69571.00,0.23
2023-01-03,69917.00,0.50
2023-01-04,69318.00,-0.86
2023-01-05,68078.00,-1.79
2023-01-06,69155.00,1.58
2023-01-09,68900.00,-0.37
2023-01-10,68363.00,-0.78
2023-01-11,67973.00,-0.57
2023-01-12,68643.00,0.99
2023-01-13,69427.00,1.14
2023-01-16,69786.00,0.52
2023-01-17,69186.00,-0.86
2023-01-18,68227.00,-1.39
2023-01-19,68359.00,0.19
2023-01-20,68547.00,0.28
2023-01-23,67964.00,-0.85
2023-01-24,68542.00,0.85
2023-01-25,68676.00,0.20
2023-01-27,68329.00,-0.51
2023-01-30,68589.00,0.38
2023-01-31,68829.00,0.35
2023-02-01,69841.00,1.47
2023-02-02,70204.00,0.52
2023-02-03,67576.00,-3.74
2023-02-06,67399.00,-0.26
2023-02-07,67529.00,0.19
2023-02-08,67633.00,0.15
2023-02-09,67030.00,-0.89
2023-02-10,66664.00,-0.55
2023-02-13,66144.00,-0.78
2023-02-14,66251.00,0.16
2023-02-15,65421.00,-1.25
2023-02-16,65633.00,0.32
2023-02-17,65631.00,0.00
2023-02-20,65749.00,0.18
2023-02-21,66052.00,0.46
2023-02-22,65438.00,-0.93
2023-02-23,64351.00,-1.66
2023-02-24,63433.00,-1.43
2023-02-27,62964.00,-0.74
2023-02-28,63783.00,1.30
2023-03-01,63935.00,0.24
2023-03-02,63256.00,-1.06
2023-03-03,63654.00,0.63
2023-03-06,64349.00,1.09
2023-03-07,62206.00,-3.33
2023-03-08,61817.00,-0.63
2023-03-09,61984.00,0.27
2023-03-10,62890.00,1.46
2023-03-13,66652.00,5.98
2023-03-14,66956.00,0.46
2023-03-15,67299.00,0.51
2023-03-16,66531.00,-1.14
2023-03-17,68501.00,2.96
2023-03-20,68838.00,0.49
2023-03-21,68394.00,-0.64
2023-03-22,69309.00,1.34
2023-03-23,70212.00,1.30
2023-03-24,70411.00,0.28
2023-03-27,69926.00,-0.69
2023-03-28,70584.00,0.94
2023-03-29,70777.00,0.27
2023-03-30,71774.00,1.41
2023-03-31,72218.00,0.62
2023-04-03,72080.00,-0.19
2023-04-04,74618.00,3.52
2023-04-05,74555.00,-0.08
2023-04-06,74570.00,0.02
2023-04-10,74323.00,-0.33
2023-04-11,75040.00,0.96
2023-04-12,75913.00,1.16
2023-04-13,76927.00,1.34
2023-04-14,75677.00,-1.62
2023-04-17,74812.00,-1.14
2023-04-18,75249.00,0.58
2023-04-19,75472.00,0.30
2023-04-20,75501.00,0.04
2023-04-21,74654.00,-1.12
2023-04-24,74996.00,0.46
2023-04-25,74263.00,-0.98
2023-04-26,73819.00,-0.60
2023-04-27,73959.00,0.19
2023-04-28,74071.00,0.15
2023-05-01,74243.00,0.23
2023-05-02,75045.00,1.08
2023-05-03,75400.00,0.47
2023-05-04,76929.00,2.03
2023-05-05,75760.00,-1.52
2023-05-08,77079.00,1.74
2023-05-09,77456.00,0.49
2023-05-10,76688.00,-0.99
2023-05-11,73808.00,-3.76
2023-05-12,73054.00,-1.02
2023-05-15,73402.00,0.48
2023-05-16,72585.00,-1.11
2023-05-17,72658.00,0.10
2023-05-18,72143.00,-0.71
2023-05-19,73321.00,1.63
2023-05-22,72733.00,-0.80
2023-05-23,72164.00,-0.78
2023-05-24,71086.00,-1.49
2023-05-25,70242.00,-1.19
2023-05-26,71229.00,1.41
2023-05-29,71125.00,-0.15
2023-05-30,71043.00,-0.12
2023-05-31,72102.00,1.49
2023-06-01,72594.00,0.68
2023-06-02,72020.00,-0.79
2023-06-05,71872.00,-0.21
2023-06-06,71956.00,0.12
2023-06-07,71725.00,-0.32
2023-06-08,73670.00,2.71
2023-06-09,73796.00,0.17
2023-06-12,72974.00,-1.11
2023-06-13,72094.00,-1.21
2023-06-14,72651.00,0.77
2023-06-15,72126.00,-0.72
2023-06-16,72688.00,0.78
2023-06-19,72446.00,-0.33
2023-06-20,70387.00,-2.84
2023-06-21,69247.00,-1.62
2023-06-22,68308.00,-1.36
2023-06-23,68083.00,-0.33
2023-06-26,69185.00,1.62
2023-06-27,69341.00,0.23
2023-06-28,69184.00,-0.23
2023-06-29,68189.00,-1.44
2023-06-30,68935.00,1.09
2023-07-03,69312.00,0.55
2023-07-04,69662.00,0.50
2023-07-05,70545.00,1.27
2023-07-06,70324.00,-0.31
2023-07-07,71310.00,1.40
2023-07-10,71365.00,0.08
2023-07-11,71117.00,-0.35
2023-07-12,73546.00,3.42
2023-07-13,75326.00,2.42
2023-07-14,75968.00,0.85
2023-07-17,75567.00,-0.53
2023-07-18,76103.00,0.71
2023-07-19,76409.00,0.40
2023-07-20,75449.00,-1.26
2023-07-21,74970.00,-0.63
2023-07-24,74096.00,-1.17
2023-07-25,74773.00,0.91
2023-07-26,75324.00,0.74
2023-07-27,73747.00,-2.09
2023-07-28,74059.00,0.42
2023-07-31,75427.00,1.85
2023-08-01,73943.00,-1.97
2023-08-02,72960.00,-1.33
2023-08-03,72522.00,-0.60
2023-08-04,72478.00,-0.06
2023-08-07,71268.00,-1.67
2023-08-08,70216.00,-1.48
2023-08-09,69972.00,-0.35
2023-08-10,69981.00,0.01
2023-08-11,69976.00,-0.01
2023-08-14,69954.00,-0.03
2023-08-16,69722.00,-0.33
2023-08-17,70018.00,0.42
2023-08-18,70235.00,0.31
2023-08-21,71662.00,2.03
2023-08-22,71982.00,0.45
2023-08-23,74004.00,2.81
2023-08-24,73568.00,-0.59
2023-08-25,73549.00,-0.03
2023-08-28,73612.00,0.09
2023-08-29,74685.00,1.46
2023-08-30,74637.00,-0.06
2023-08-31,74143.00,-0.66
2023-09-01,73544.00,-0.81
2023-09-04,73060.00,-0.66
2023-09-05,72421.00,-0.87
2023-09-06,72472.00,0.07
2023-09-07,71770.00,-0.97
2023-09-08,71563.00,-0.29
2023-09-11,71942.00,0.53
2023-09-12,71934.00,-0.01
2023-09-13,71419.00,-0.72
2023-09-14,70982.00,-0.61
2023-09-15,72154.00,1.65
2023-09-18,72570.00,0.58
2023-09-19,72569.00,0.00
2023-09-20,73230.00,0.91
2023-09-21,73068.00,-0.22
2023-09-22,73337.00,0.37
2023-09-25,72150.00,-1.62
2023-09-26,71777.00,-0.52
2023-09-27,70549.00,-1.71
2023-09-28,70600.00,0.07
2023-09-29,69857.00,-1.05
2023-10-03,67394.00,-3.53
2023-10-04,66885.00,-0.76
2023-10-05,66768.00,-0.17
2023-10-06,68170.00,2.10
2023-10-09,69094.00,1.36
2023-10-10,68918.00,-0.25
2023-10-11,69426.00,0.74
2023-10-12,69074.00,-0.51
2023-10-13,71287.00,3.20
2023-10-16,71287.00,0.00
2023-10-17,71567.00,0.39
2023-10-18,71895.00,0.46
2023-10-19,71616.00,-0.39
2023-10-20,72909.00,1.81
2023-10-23,72075.00,-1.14
2023-10-24,71786.00,-0.40
2023-10-25,71787.00,0.00
2023-10-26,71580.00,-0.29
2023-10-27,71717.00,0.19
2023-10-30,72755.00,1.45
2023-10-31,71669.00,-1.49
2023-11-01,71298.00,-0.52
2023-11-02,71400.00,0.14
2023-11-03,72252.00,1.19
2023-11-06,72117.00,-0.19
2023-11-07,70634.00,-2.06
2023-11-08,71050.00,0.59
2023-11-09,71213.00,0.23
2023-11-10,70033.00,-1.66
2023-11-12,69990.00,-0.06
2023-11-13,69859.00,-0.19
2023-11-14,71593.00,2.48
2023-11-15,72372.00,1.09
2023-11-16,73360.00,1.37
2023-11-17,73140.00,-0.30
2023-11-20,72644.00,-0.68
2023-11-21,73304.00,0.91
2023-11-22,72826.00,-0.65
2023-11-23,72898.00,0.10
2023-11-24,73884.00,1.35
2023-11-27,74806.00,1.25
2023-11-28,75299.00,0.66
2023-11-29,75772.00,0.63
2023-11-30,76234.00,0.61
2023-12-01,76593.00,0.47
2023-12-04,74927.00,-2.18
2023-12-05,75678.00,1.00
2023-12-06,74831.00,-1.12
2023-12-07,74313.00,-0.69
2023-12-08,72518.00,-2.42
2023-12-11,71864.00,-0.90
2023-12-12,71862.00,0.00
2023-12-13,71532.00,-0.46
2023-12-14,75076.00,4.95
2023-12-15,74525.00,-0.73
2023-12-18,74410.00,-0.15
2023-12-19,74824.00,0.56
2023-12-20,75486.00,0.88
2023-12-21,75426.00,-0.08
2023-12-22,75386.00,-0.05
2023-12-26,75026.00,-0.48
2023-12-27,75647.00,0.83
2023-12-28,74959.00,-0.91
2023-12-29,74430.00,-0.71
2024-01-01,74390.00,-0.05
2024-01-02,74095.00,-0.40
2024-01-03,72333.00,-2.38
2024-01-04,72336.00,0.00
2024-01-05,72587.00,0.35
2024-01-08,72427.00,-0.22
2024-01-09,72047.00,-0.52
2024-01-10,71969.00,-0.11
2024-01-11,71354.00,-0.85
2024-01-12,72480.00,1.58
2024-01-15,72627.00,0.20
2024-01-16,72093.00,-0.74
2024-01-17,71456.00,-0.88
2024-01-18,71615.00,0.22
2024-01-19,71460.00,-0.22
2024-01-22,70816.00,-0.90
2024-01-23,70957.00,0.20
2024-01-24,71869.00,1.29
2024-01-25,71773.00,-0.13
2024-01-29,72377.00,0.84
2024-01-30,72342.00,-0.05
2024-01-31,72247.00,-0.13
2024-02-01,72218.00,-0.04
2024-02-02,71208.00,-1.40
2024-02-05,70480.00,-1.02
2024-02-06,70594.00,0.16
2024-02-07,70311.00,-0.40
2024-02-08,70837.00,0.75
2024-02-09,70774.00,-0.09
2024-02-12,71009.00,0.33
2024-02-13,69639.00,-1.93
2024-02-14,70152.00,0.74
2024-02-15,71121.00,1.38
2024-02-16,72112.00,1.39
2024-02-19,71306.00,-1.12
2024-02-20,71255.00,-0.07
2024-02-21,70609.00,-0.91
2024-02-22,70269.00,-0.48
2024-02-23,70479.00,0.30
2024-02-26,69430.00,-1.49
2024-02-27,69085.00,-0.50
2024-02-28,68703.00,-0.55
2024-02-29,69665.00,1.40
2024-03-01,70491.00,1.19
2024-03-04,71117.00,0.89
2024-03-05,72257.00,1.60
2024-03-06,74138.00,2.60
2024-03-07,74315.00,0.24
2024-03-08,74262.00,-0.07
2024-03-11,74514.00,0.34
2024-03-12,73850.00,-0.89
2024-03-13,75170.00,1.79
2024-03-14,75226.00,0.07
2024-03-15,75650.00,0.56
2024-03-18,75496.00,-0.20
2024-03-19,75287.00,-0.28
2024-03-20,75313.00,0.03
2024-03-21,75081.00,-0.31
2024-03-22,74787.00,-0.39
2024-03-25,74923.00,0.18
2024-03-26,74518.00,-0.54
2024-03-27,74662.00,0.19
2024-03-28,75048.00,0.52
2024-04-01,75532.00,0.64
2024-04-02,77036.00,1.99
2024-04-03,79011.00,2.56
2024-04-04,79984.00,1.23
2024-04-05,80863.00,1.10
2024-04-08,81875.00,1.25
2024-04-09,82450.00,0.70
2024-04-10,82615.00,0.20
2024-04-11,82847.00,0.28
2024-04-12,82813.00,-0.04
2024-04-15,83851.00,1.25
2024-04-16,83504.00,-0.41
2024-04-17,83499.00,-0.01
2024-04-18,83273.00,-0.27
2024-04-19,83507.00,0.28
2024-04-22,80579.00,-3.51
2024-04-23,80678.00,0.12
2024-04-24,80497.00,-0.22
2024-04-25,80684.00,0.23
2024-04-26,80680.00,0.00
2024-04-29,80852.00,0.21
2024-04-30,79508.00,-1.66
2024-05-01,79870.00,0.46
2024-05-02,79950.00,0.10
2024-05-03,79712.00,-0.30
2024-05-06,82955.00,4.07
2024-05-07,82878.00,-0.09
2024-05-08,82994.00,0.14
2024-05-09,84499.00,1.81
2024-05-10,84910.00,0.49
2024-05-13,84886.00,-0.03
2024-05-14,85417.00,0.63
2024-05-15,86865.00,1.70
2024-05-16,87300.00,0.50
2024-05-17,91024.00,4.27
2024-05-20,95267.00,4.66
2024-05-21,94725.00,-0.57
2024-05-22,93013.00,-1.81
2024-05-23,90437.00,-2.77
2024-05-24,90548.00,0.12
2024-05-27,94608.00,4.48
2024-05-28,95448.00,0.89
2024-05-29,96162.00,0.75
2024-05-30,94123.00,-2.12
2024-05-31,91570.00,-2.71
2024-06-03,92033.00,0.51
2024-06-04,89659.00,-2.58
2024-06-05,90444.00,0.88
2024-06-06,93816.00,3.73
2024-06-07,89089.00,-5.04
2024-06-10,90022.00,1.05
2024-06-11,88663.00,-1.51
2024-06-12,90445.00,2.01
2024-06-13,87983.00,-2.72
2024-06-14,89090.00,1.26
2024-06-17,88820.00,-0.30
2024-06-18,89080.00,0.29
2024-06-19,89475.00,0.44
2024-06-20,91665.00,2.45
2024-06-21,89139.00,-2.76
2024-06-24,88999.00,-0.16
2024-06-25,86937.00,-2.32
2024-06-26,86965.00,0.03
2024-06-27,87048.00,0.10
2024-06-28,87167.00,0.14
2024-07-01,87522.00,0.41
2024-07-02,87882.00,0.41
2024-07-03,89894.00,2.29
2024-07-04,90030.00,0.15
2024-07-05,92250.00,2.47
2024-07-08,92614.00,0.39
2024-07-09,92969.00,0.38
2024-07-10,92832.00,-0.15
2024-07-11,94190.00,1.46
2024-07-12,93109.00,-1.15
2024-07-15,92572.00,-0.58
2024-07-16,93860.00,1.39
2024-07-17,91942.00,-2.04
2024-07-18,91772.00,-0.18
2024-07-19,89646.00,-2.32
2024-07-22,89203.00,-0.49
2024-07-23,84919.00,-4.80
2024-07-24,84894.00,-0.03
2024-07-25,81331.00,-4.20
2024-07-26,81371.00,0.05
2024-07-29,81287.00,-0.10
2024-07-30,82659.00,1.69
2024-07-31,83596.00,1.13
2024-08-01,82594.00,-1.20
2024-08-02,82493.00,-0.12
2024-08-05,79598.00,-3.51
2024-08-06,79623.00,0.03
2024-08-07,78900.00,-0.91
2024-08-08,80613.00,2.17
2024-08-09,80543.00,-0.09
2024-08-12,81624.00,1.34
2024-08-13,81049.00,-0.70
2024-08-14,80061.00,-1.22
2024-08-16,83213.00,3.94
2024-08-19,84338.00,1.35
2024-08-20,84730.00,0.46
2024-08-21,84863.00,0.16
2024-08-22,83736.00,-1.33
2024-08-23,85211.00,1.76
2024-08-26,85668.00,0.54
2024-08-27,85658.00,-0.01
2024-08-28,83977.00,-1.96
2024-08-29,84872.00,1.07
2024-08-30,84300.00,-0.67
2024-09-02,2396.20,0.00
2024-09-03,2354.96,-1.72
2024-09-04,2366.18,0.48
2024-09-05,2419.88,2.27
2024-09-06,2346.06,-3.05
2024-09-09,2380.39,1.46
2024-09-10,2387.24,0.29
2024-09-11,2413.35,1.09
2024-09-12,2511.55,4.07
2024-09-13,2576.59,2.59
2024-09-16,2580.74,0.16
2024-09-17,2571.21,-0.37
2024-09-18,2524.00,-1.84
2024-09-19,2576.90,2.10
2024-09-20,2602.50,0.99
2024-09-23,2566.33,-1.39
2024-09-24,2689.27,4.79
2024-09-25,2663.65,-0.95
2024-09-26,2678.78,0.57
2024-09-27,2648.21,-1.14
2024-09-30,2611.44,-1.39
2024-10-01,2634.10,0.87
2024-10-02,2674.92,1.55
2024-10-03,2690.95,0.60
2024-10-04,2705.41,0.54
2024-10-07,2658.45,-1.74
2024-10-08,2576.54,-3.08
2024-10-09,2559.72,-0.65
2024-10-10,2611.56,2.03
2024-10-11,2652.48,1.57
2024-10-14,2625.76,-1.01
2024-10-15,2646.11,0.78
2024-10-16,2664.24,0.69
2024-10-17,2661.42,-0.11
2024-10-18,2834.33,6.50
2024-10-21,2844.68,0.37
2024-10-22,2927.86,2.92
2024-10-23,2834.74,-3.18
2024-10-24,2830.08,-0.16
2024-10-25,2833.09,0.11
2024-10-28,2829.53,-0.13
2024-10-29,2896.71,2.37
2024-10-30,2837.27,-2.05
2024-10-31,2746.72,-3.19
2024-11-01,2729.48,-0.63
2024-11-04,2731.08,0.06
2024-11-05,2747.27,0.59
2024-11-06,2626.69,-4.39
2024-11-07,2701.00,2.83
2024-11-08,2641.95,-2.19
2024-11-11,2589.91,-1.97
2024-11-12,2588.18,-0.07
2024-11-13,2563.28,-0.96
2024-11-14,2564.91,0.06
2024-11-15,2554.07,-0.42
2024-11-18,2631.46,3.03
2024-11-19,2638.65,0.27
2024-11-20,2604.59,-1.29
2024-11-21,2600.45,-0.16
2024-11-22,2646.51,1.77
2024-11-25,2553.87,-3.50
2024-11-26,2564.00,0.40
2024-11-27,2539.93,-0.94
2024-11-28,2552.85,0.51
2024-11-29,2588.90,1.41
2024-12-02,2592.12,0.12
2024-12-03,2625.57,1.29
2024-12-04,2654.36,1.10
2024-12-05,2656.43,0.08
2024-12-06,2622.07,-1.29
2024-12-09,2701.00,3.01
2024-12-10,2709.01,0.30
2024-12-11,2705.09,-0.14
2024-12-12,2623.19,-3.03
2024-12-13,2591.87,-1.19
2024-12-16,2592.78,0.04
2024-12-17,2590.21,-0.10
2024-12-18,2501.76,-3.41
2024-12-19,2471.26,-1.22
2024-12-20,2505.40,1.38
2024-12-23,2529.10,0.95
2024-12-24,2523.33,-0.23
2024-12-25,2537.83,0.57
2024-12-26,2548.20,0.41
2024-12-27,2507.11,-1.61
2024-12-30,2481.98,-1.00
2024-12-31,2468.86,-0.53
2025-01-01,2479.00,0.41
2025-01-02,2534.38,2.23
2025-01-03,2540.28,0.23
2025-01-06,2564.20,0.94
2025-01-07,2579.35,0.59
2025-01-08,2590.21,0.42
2025-01-09,2588.93,-0.05
2025-01-10,2621.11,1.24
2025-01-13,2572.79,-1.84
2025-01-14,2583.98,0.43
2025-01-15,2652.63,2.66
2025-01-16,2664.29,0.44
2025-01-17,2626.86,-1.40
2025-01-20,2637.47,0.40
2025-01-21,2659.53,0.84
2025-01-22,2661.39,0.07
2025-01-23,2633.86,-1.03
2025-01-24,2637.34,0.13
2025-01-27,2610.71,-1.01
2025-01-28,2635.61,0.95
2025-01-29,2671.14,1.35
2025-01-30,2738.51,2.52
2025-01-31,2714.48,-0.88
2025-02-03,2741.55,1.00
2025-02-04,2800.70,2.16
2025-02-05,2825.29,0.88
2025-02-06,2823.91,-0.05
2025-02-07,2793.45,-1.08
2025-02-10,2803.63,0.36
2025-02-11,2763.37,-1.44
2025-02-12,2803.69,1.46
2025-02-13,2803.91,0.01
2025-02-14,2786.04,-0.64
2025-02-17,2809.45,0.84
2025-02-18,2855.36,1.63
2025-02-19,2841.43,-0.49
2025-02-20,2848.65,0.25
2025-02-21,2816.01,-1.15
2025-02-24,2801.26,-0.52
2025-02-25,2768.93,-1.15
2025-02-26,2778.06,0.33
2025-02-27,2727.81,-1.81
2025-02-28,2724.91,-0.11
2025-03-03,2768.70,1.61
2025-03-04,2787.77,0.69
2025-03-05,2836.99,1.77
2025-03-06,2847.28,0.36
2025-03-07,2836.83,-0.37
2025-03-10,2801.65,-1.24
2025-03-11,2874.96,2.62
2025-03-12,2898.99,0.84
2025-03-13,2942.58,1.50
2025-03-14,2935.76,-0.23
2025-03-17,2942.40,0.23
2025-03-18,2944.71,0.08
2025-03-19,2923.75,-0.71
2025-03-20,2896.07,-0.95
2025-03-21,2840.50,-1.92
2025-03-24,2820.38,-0.71
2025-03-25,2888.00,2.40
2025-03-26,2884.14,-0.13
2025-03-27,2950.50,2.30
2025-03-28,2916.52,-1.15
2025-03-31,2908.41,-0.28
2025-04-01,2884.18,-0.83
2025-04-02,2879.32,-0.17
2025-04-03,2715.51,-5.69
2025-04-04,2533.01,-6.72
2025-04-07,2587.15,2.14
2025-04-08,2573.28,-0.54
2025-04-09,2671.13,3.80
2025-04-10,2687.58,0.62
2025-04-11,2777.13,3.33
2025-04-14,2783.47,0.23
2025-04-15,2767.77,-0.56
2025-04-16,2805.49,1.36
2025-04-17,2776.17,-1.05
2025-04-18,2776.17,0.00
2025-04-21,2788.10,0.43
2025-04-22,2749.06,-1.40
2025-04-23,2873.92,4.54
2025-04-24,2868.04,-0.20
2025-04-25,2826.21,-1.46
2025-04-28,2820.33,-0.21
2025-04-29,2804.61,-0.56
2025-04-30,2759.32,-1.61
2025-05-01,2745.23,-0.51
2025-05-02,2712.49,-1.19
2025-05-05,2734.28,0.80
2025-05-06,2806.53,2.64
2025-05-07,2752.67,-1.92
2025-05-08,2790.85,1.39
2025-05-09,2796.07,0.19
2025-05-12,2769.40,-0.95
2025-05-13,2800.54,1.12
2025-05-14,2754.28,-1.65
2025-05-15,2790.22,1.30
2025-05-16,2762.63,-0.99
2025-05-19,2762.51,0.00
2025-05-20,2831.79,2.51
2025-05-21,2863.44,1.12
2025-05-22,2843.22,-0.71
2025-05-23,2849.62,0.23
2025-05-26,2850.80,0.04
2025-05-27,2840.04,-0.38
2025-05-28,2813.76,-0.93
2025-05-29,2844.17,1.08
2025-05-30,2822.11,-0.78
2025-06-02,2965.85,5.09
2025-06-03,2962.52,-0.11
2025-06-04,2964.47,0.07
2025-06-05,3067.68,3.48
2025-06-06,3086.39,0.61
2025-06-09,3151.49,2.11
2025-06-10,3131.93,-0.62
2025-06-11,3100.38,-1.01
2025-06-12,3113.63,0.43
2025-06-13,3127.72,0.45
2025-06-16,3127.29,-0.01
2025-06-17,3215.96,2.84
2025-06-18,3183.75,-1.00
2025-06-19,3157.54,-0.82
2025-06-20,3119.48,-1.21
2025-06-23,3087.87,-1.01
2025-06-24,3090.11,0.07
2025-06-25,3119.34,0.95
2025-06-26,3143.01,0.76
2025-06-27,3077.92,-2.07
2025-06-30,3095.66,0.58